-- phpMyAdmin SQL Dump
-- version 4.1.4
-- http://www.phpmyadmin.net
--
-- Host: 127.0.0.1
-- Generation Time: 20. Mrz 2017 um 14:40
-- Server Version: 5.6.15-log
-- PHP Version: 5.4.24

SET SQL_MODE = "NO_AUTO_VALUE_ON_ZERO";
SET time_zone = "+00:00";


/*!40101 SET @OLD_CHARACTER_SET_CLIENT=@@CHARACTER_SET_CLIENT */;
/*!40101 SET @OLD_CHARACTER_SET_RESULTS=@@CHARACTER_SET_RESULTS */;
/*!40101 SET @OLD_COLLATION_CONNECTION=@@COLLATION_CONNECTION */;
/*!40101 SET NAMES utf8 */;

--
-- Database: `stahlinsel`
--

-- --------------------------------------------------------

--
-- Tabellenstruktur für Tabelle `chapter`
--

CREATE TABLE IF NOT EXISTS `chapter` (
  `index` int(11) NOT NULL,
  `name` varchar(30) COLLATE utf8_unicode_ci NOT NULL,
  `summary` text COLLATE utf8_unicode_ci NOT NULL,
  `owner` varchar(30) COLLATE utf8_unicode_ci NOT NULL,
  `time` timestamp NOT NULL DEFAULT CURRENT_TIMESTAMP ON UPDATE CURRENT_TIMESTAMP,
  PRIMARY KEY (`index`),
  UNIQUE KEY `name` (`name`)
) ENGINE=InnoDB DEFAULT CHARSET=utf8 COLLATE=utf8_unicode_ci;

--
-- Daten für Tabelle `chapter`
--

INSERT INTO `chapter` (`index`, `name`, `summary`, `owner`, `time`) VALUES
(1049, 'The Enterprise Incident', 'summary', 'barsch', '2017-02-18 22:17:48'),
(1082, 'Angel One', 'summary', 'barsch', '2017-02-18 22:17:48'),
(1094, 'Matter of Perspective; A', 'summary', 'barsch', '2017-02-18 22:17:48'),
(1144, 'Business as Usual', 'summary', 'barsch', '2017-02-18 22:17:48'),
(1180, 'Power Play', 'summary', 'barsch', '2017-02-18 22:17:48'),
(1189, 'Basics; Part II', 'summary', 'barsch', '2017-02-18 22:17:48'),
(1195, 'Dax', 'summary', 'barsch', '2017-02-18 22:17:48'),
(1205, 'A Matter of Time', 'summary', 'barsch', '2017-02-18 22:17:48'),
(1220, 'Armageddon Game', 'summary', 'barsch', '2017-02-18 22:17:48'),
(1223, 'Who Mourns for Morn?', 'summary', 'barsch', '2017-02-18 22:17:48'),
(1243, 'Emergence', 'summary', 'barsch', '2017-02-18 22:17:48'),
(1246, 'Chute', 'summary', 'barsch', '2017-02-18 22:17:48'),
(1274, 'Darkness and the Light', 'summary', 'barsch', '2017-02-18 22:17:48'),
(1298, 'Move Along Home', 'summary', 'barsch', '2017-02-18 22:17:48'),
(1309, 'Fight', 'summary', 'barsch', '2017-02-18 22:17:48'),
(1315, 'Flesh and Blood', 'summary', 'barsch', '2017-02-18 22:17:48'),
(1316, 'Shadows and Symbols', 'summary', 'barsch', '2017-02-18 22:17:48'),
(1337, 'Court Martial', 'summary', 'barsch', '2017-02-18 22:17:48'),
(1345, 'Time s Arrow', 'summary', 'barsch', '2017-02-18 22:17:48'),
(1379, 'Swarm', 'summary', 'barsch', '2017-02-18 22:17:48'),
(1399, 'Nth Degree', 'summary', 'barsch', '2017-02-18 22:17:48'),
(1410, 'Progress', 'summary', 'barsch', '2017-02-18 22:17:48'),
(1413, 'Through the Looking Glass', 'summary', 'barsch', '2017-02-18 22:17:48'),
(1428, 'Shades of Gray', 'summary', 'barsch', '2017-02-18 22:17:48'),
(1451, 'Most Toys', 'summary', 'barsch', '2017-02-18 22:17:48'),
(1470, 'The Maquis; Part II', 'summary', 'barsch', '2017-02-18 22:17:48'),
(1524, 'The Ultimate Computer', 'summary', 'barsch', '2017-02-18 22:17:48'),
(1547, 'Playing God', 'summary', 'barsch', '2017-02-18 22:17:48'),
(1572, 'Data s Day', 'summary', 'barsch', '2017-02-18 22:17:48'),
(1591, 'Favor the Bold', 'summary', 'barsch', '2017-02-18 22:17:48'),
(1599, 'The Collaborator', 'summary', 'barsch', '2017-02-18 22:17:48'),
(1617, 'Rules of Engagement', 'summary', 'barsch', '2017-02-18 22:17:48'),
(1658, 'Basics; Part I', 'summary', 'barsch', '2017-02-18 22:17:48'),
(1663, 'A Private Little War', 'summary', 'barsch', '2017-02-18 22:17:48'),
(1670, 'New Ground', 'summary', 'barsch', '2017-02-18 22:17:48'),
(1676, 'Sons and Daughters', 'summary', 'barsch', '2017-02-18 22:17:48'),
(1678, 'The Quickening', 'summary', 'barsch', '2017-02-18 22:17:48'),
(1693, 'Metamorphosis', 'summary', 'barsch', '2017-02-18 22:17:48'),
(1713, 'Waking Moments', 'summary', 'barsch', '2017-02-18 22:17:48'),
(1715, 'Cold Fire', 'summary', 'barsch', '2017-02-18 22:17:48'),
(1742, 'Too Short a Season', 'summary', 'barsch', '2017-02-18 22:17:48');

-- --------------------------------------------------------

--
-- Tabellenstruktur für Tabelle `chapter_edges`
--

CREATE TABLE IF NOT EXISTS `chapter_edges` (
  `index` int(11) NOT NULL,
  `parent_id` int(11) NOT NULL,
  `child_id` int(11) NOT NULL
) ENGINE=InnoDB DEFAULT CHARSET=utf8 COLLATE=utf8_unicode_ci;

--
-- Daten für Tabelle `chapter_edges`
--

INSERT INTO `chapter_edges` (`index`, `parent_id`, `child_id`) VALUES
(1011, 1315, 1309),
(1060, 1693, 1205),
(1099, 1195, 1524),
(1141, 1315, 1223),
(1151, 1274, 1658),
(1275, 1413, 1678),
(1289, 1410, 1693),
(1316, 1316, 1470),
(1357, 1617, 1049),
(1375, 1315, 1524),
(1437, 1082, 1189),
(1450, 1189, 1663),
(1487, 1663, 1144),
(1505, 1591, 1082),
(1630, 1298, 1180),
(1716, 1572, 1082),
(1723, 1082, 1663),
(1759, 1379, 1547),
(1786, 1316, 1572),
(1795, 1713, 1094),
(1839, 1547, 1399),
(1905, 1572, 1345),
(2081, 1243, 1315),
(2114, 1049, 1316),
(2121, 1144, 1670),
(2191, 1599, 1220),
(2198, 1715, 1195),
(2278, 1451, 1379),
(2281, 1144, 1742),
(2282, 1144, 1246),
(2320, 1399, 1658),
(2344, 1693, 1189),
(2364, 1315, 1470),
(2407, 1715, 1094),
(2498, 1315, 1676),
(2510, 1205, 1189),
(2537, 1617, 1337),
(2584, 1428, 1220);

-- --------------------------------------------------------

--
-- Tabellenstruktur für Tabelle `chapter_edges_false`
--

CREATE TABLE IF NOT EXISTS `chapter_edges_false` (
  `index` int(11) NOT NULL,
  `parent_id` int(11) NOT NULL,
  `child_id` int(11) NOT NULL
) ENGINE=InnoDB DEFAULT CHARSET=utf8 COLLATE=utf8_unicode_ci;

--
-- Daten für Tabelle `chapter_edges_false`
--

INSERT INTO `chapter_edges_false` (`index`, `parent_id`, `child_id`) VALUES
(1031, 1524, 1676),
(1050, 1599, 1384),
(1056, 1399, 1599),
(1075, 1384, 1220),
(1128, 1384, 1180),
(1173, 1658, 1617),
(1192, 1243, 1189),
(1240, 1548, 1309),
(1256, 1713, 1715),
(1306, 1490, 1591),
(1311, 1274, 1379),
(1314, 1524, 1246),
(1320, 1653, 1410),
(1322, 1399, 1410),
(1329, 1713, 1678),
(1352, 1591, 1399),
(1363, 1180, 1713),
(1364, 1578, 1189),
(1367, 1676, 1246),
(1386, 1296, 1599),
(1396, 1617, 1470),
(1404, 1223, 1180),
(1413, 1316, 1413),
(1430, 1220, 1742),
(1434, 1413, 1337),
(1443, 1223, 1470),
(1464, 1599, 1094),
(1516, 1195, 1693),
(1517, 1243, 1298),
(1561, 1591, 1296),
(1564, 1399, 1049),
(1579, 1274, 1490),
(1604, 1743, 1189),
(1610, 1410, 1205),
(1616, 1742, 1670),
(1635, 1663, 1524),
(1650, 1490, 1243),
(1661, 1715, 1082),
(1668, 1547, 1315),
(1721, 1678, 1715),
(1724, 1599, 1337),
(1726, 1653, 1094),
(1753, 1094, 1693),
(1794, 1670, 1309),
(1796, 1345, 1670),
(1799, 1591, 1379),
(1840, 1547, 1410),
(1861, 1742, 1345),
(1864, 1658, 1298),
(1919, 1678, 1337),
(1950, 1296, 1384),
(1955, 1399, 1428),
(1984, 1082, 1743),
(2021, 1082, 1144),
(2031, 1180, 1678),
(2037, 1451, 1641),
(2054, 1094, 1535),
(2059, 1617, 1653),
(2094, 1274, 1547),
(2117, 1676, 1742),
(2125, 1296, 1309),
(2126, 1535, 1195),
(2141, 1676, 1345),
(2185, 1490, 1451),
(2204, 1246, 1742),
(2206, 1428, 1243),
(2218, 1470, 1713),
(2224, 1658, 1296),
(2232, 1399, 1316),
(2242, 1223, 1410),
(2287, 1094, 1578),
(2307, 1548, 1653),
(2356, 1572, 1189),
(2361, 1591, 1713),
(2374, 1490, 1578),
(2380, 1337, 1410),
(2395, 1641, 1410),
(2482, 1316, 1663),
(2501, 1243, 1578),
(2518, 1298, 1223),
(2561, 1535, 1693),
(2567, 1676, 1309),
(2590, 1195, 1082),
(2593, 1220, 1548),
(2619, 1693, 1572),
(2620, 1591, 1547);

-- --------------------------------------------------------

--
-- Tabellenstruktur für Tabelle `chapter_false`
--

CREATE TABLE IF NOT EXISTS `chapter_false` (
  `index` int(11) NOT NULL,
  `name` varchar(30) COLLATE utf8_unicode_ci NOT NULL,
  `summary` text COLLATE utf8_unicode_ci NOT NULL,
  `owner` varchar(30) COLLATE utf8_unicode_ci NOT NULL,
  `time` timestamp NOT NULL DEFAULT CURRENT_TIMESTAMP ON UPDATE CURRENT_TIMESTAMP,
  PRIMARY KEY (`index`),
  UNIQUE KEY `name` (`name`)
) ENGINE=InnoDB DEFAULT CHARSET=utf8 COLLATE=utf8_unicode_ci;

--
-- Daten für Tabelle `chapter_false`
--

INSERT INTO `chapter_false` (`index`, `name`, `summary`, `owner`, `time`) VALUES
(1296, 'Tattoo', 'summary', 'barsch', '2017-02-18 22:15:53'),
(1384, 'Duet', 'summary', 'barsch', '2017-02-18 22:15:53'),
(1490, 'Visionary', 'summary', 'barsch', '2017-02-18 22:15:53'),
(1535, 'The Begotten', 'summary', 'barsch', '2017-02-18 22:15:53'),
(1548, 'Emissary', 'summary', 'barsch', '2017-02-18 22:15:53'),
(1578, 'Human Error', 'summary', 'barsch', '2017-02-18 22:15:53'),
(1641, 'Second Chances', 'summary', 'barsch', '2017-02-18 22:15:53'),
(1653, 'Time s Orphan', 'summary', 'barsch', '2017-02-18 22:15:53'),
(1743, 'The Way to Eden', 'summary', 'barsch', '2017-02-18 22:15:53');

-- --------------------------------------------------------

--
-- Tabellenstruktur für Tabelle `login`
--

CREATE TABLE IF NOT EXISTS `login` (
  `index` int(11) NOT NULL AUTO_INCREMENT,
  `user` varchar(30) COLLATE utf8_unicode_ci NOT NULL,
  `name` varchar(30) COLLATE utf8_unicode_ci NOT NULL,
  `password` varchar(30) COLLATE utf8_unicode_ci NOT NULL,
  `login_amount` int(11) DEFAULT NULL,
  `last_login` timestamp NOT NULL DEFAULT CURRENT_TIMESTAMP,
  PRIMARY KEY (`index`)
) ENGINE=InnoDB DEFAULT CHARSET=utf8 COLLATE=utf8_unicode_ci AUTO_INCREMENT=1 ;

-- --------------------------------------------------------

--
-- Tabellenstruktur für Tabelle `node_edges`
--

CREATE TABLE IF NOT EXISTS `node_edges` (
  `index` int(11) NOT NULL AUTO_INCREMENT,
  `chapter` int(11) DEFAULT NULL,
  `parent_id` int(11) NOT NULL,
  `child_id` int(11) NOT NULL,
  `teaser` text COLLATE utf8_unicode_ci NOT NULL,
  PRIMARY KEY (`index`)
) ENGINE=InnoDB  DEFAULT CHARSET=utf8 COLLATE=utf8_unicode_ci AUTO_INCREMENT=51730 ;

--
-- Daten für Tabelle `node_edges`
--

INSERT INTO `node_edges` (`index`, `chapter`, `parent_id`, `child_id`, `teaser`) VALUES
(10010, 1246, 12066, 21343, 'gut'),
(10089, 1223, 28199, 20972, 'gut'),
(10130, 1220, 14494, 23945, 'gut'),
(10135, 1195, 10536, 28240, 'gut'),
(10154, 1223, 19676, 14445, 'gut'),
(10324, 1049, 11855, 21824, 'gut'),
(10375, 1195, 14752, 12519, 'gut'),
(10544, 1223, 18517, 12403, 'gut'),
(10559, 1189, 23943, 24366, 'gut'),
(10603, 1049, 10359, 20997, 'gut'),
(10654, 1205, 10590, 23144, 'gut'),
(10691, 1296, 25041, 11783, 'gut'),
(10735, 1223, 21714, 18517, 'gut'),
(10742, 1315, 25248, 25171, 'gut'),
(10766, 1220, 23068, 21243, 'gut'),
(10787, 1205, 11788, 12047, 'gut'),
(10863, 1049, 24821, 17172, 'gut'),
(10909, 1309, 10892, 16781, 'gut'),
(10914, 1345, 14037, 19291, 'gut'),
(10972, 1220, 16748, 12008, 'gut'),
(10986, 1082, 14952, 11349, 'gut'),
(10987, 1223, 10909, 14445, 'gut'),
(11169, 1296, 28089, 23568, 'gut'),
(11254, 1223, 22274, 12879, 'gut'),
(11257, 1189, 26222, 16674, 'gut'),
(11315, 1345, 24341, 15131, 'gut'),
(11396, 1274, 21762, 11880, 'gut'),
(11427, 1205, 27285, 29012, 'gut'),
(11437, 1379, 26896, 11948, 'gut'),
(11560, 1195, 16632, 16199, 'gut'),
(11621, 1144, 28857, 24143, 'gut'),
(11636, 1315, 20734, 14567, 'gut'),
(11651, 1205, 14424, 27285, 'gut'),
(11666, 1379, 20621, 18095, 'gut'),
(11693, 1384, 27809, 27911, 'gut'),
(11745, 1316, 27021, 25309, 'gut'),
(11882, 1144, 21407, 20590, 'gut'),
(12026, 1094, 12092, 17014, 'gut'),
(12084, 1337, 15245, 20441, 'gut'),
(12147, 1094, 22539, 12092, 'gut'),
(12216, 1316, 17375, 24629, 'gut'),
(12318, 1082, 22174, 24533, 'gut'),
(12348, 1345, 25660, 15997, 'gut'),
(12387, 1220, 18805, 22285, 'gut'),
(12479, 1384, 11584, 24066, 'gut'),
(12484, 1205, 23164, 19975, 'gut'),
(12507, 1094, 15896, 14034, 'gut'),
(12517, 1309, 15703, 12421, 'gut'),
(12607, 1315, 13653, 10180, 'gut'),
(12636, 1243, 13038, 26729, 'gut'),
(12807, 1315, 15384, 26850, 'gut'),
(12850, 1298, 28781, 22356, 'gut'),
(12894, 1298, 16520, 28498, 'gut'),
(13056, 1298, 20060, 10566, 'gut'),
(13063, 1298, 24658, 16520, 'gut'),
(13155, 1384, 14088, 11583, 'gut'),
(13261, 1274, 21390, 27115, 'gut'),
(13307, 1298, 11876, 21687, 'gut'),
(13308, 1316, 18608, 12469, 'gut'),
(13360, 1195, 12488, 21561, 'gut'),
(13618, 1223, 22523, 21217, 'gut'),
(13687, 1246, 28907, 15181, 'gut'),
(13745, 1223, 18517, 27182, 'gut'),
(13763, 1243, 17027, 14490, 'gut'),
(13766, 1274, 15717, 13007, 'gut'),
(13792, 1274, 13007, 15190, 'gut'),
(13845, 1189, 23296, 17283, 'gut'),
(14049, 1379, 22151, 17561, 'gut'),
(14051, 1246, 19715, 22993, 'gut'),
(14186, 1195, 29177, 25715, 'gut'),
(14205, 1189, 17781, 27580, 'gut'),
(14207, 1195, 26925, 16925, 'gut'),
(14224, 1379, 18542, 19346, 'gut'),
(14299, 1144, 12687, 10271, 'gut'),
(14376, 1189, 14794, 15024, 'gut'),
(14404, 1223, 10829, 18849, 'gut'),
(14512, 1274, 25979, 21405, 'gut'),
(14549, 1243, 17027, 18852, 'gut'),
(14601, 1296, 25061, 20507, 'gut'),
(15022, 1384, 15503, 11583, 'gut'),
(15061, 1180, 10455, 16534, 'gut'),
(15063, 1309, 11443, 16149, 'gut'),
(15215, 1144, 27764, 11225, 'gut'),
(15247, 1180, 18468, 23298, 'gut'),
(15313, 1309, 11440, 18368, 'gut'),
(15343, 1296, 22635, 16883, 'gut'),
(15421, 1316, 14449, 13123, 'gut'),
(15449, 1205, 21331, 27303, 'gut'),
(15508, 1094, 25211, 28455, 'gut'),
(15581, 1049, 13570, 23201, 'gut'),
(15636, 1195, 21672, 13377, 'gut'),
(15697, 1298, 22279, 12984, 'gut'),
(15763, 1144, 21407, 11225, 'gut'),
(15869, 1315, 27711, 22253, 'gut'),
(15983, 1316, 18125, 23824, 'gut'),
(16020, 1180, 29258, 11195, 'gut'),
(16173, 1144, 12687, 13682, 'gut'),
(16195, 1298, 23322, 19048, 'gut'),
(16222, 1180, 15833, 14819, 'gut'),
(16225, 1205, 19904, 12868, 'gut'),
(16226, 1296, 27653, 14352, 'gut'),
(16269, 1082, 25281, 24533, 'gut'),
(16294, 1274, 11842, 19184, 'gut'),
(16341, 1094, 17187, 21286, 'gut'),
(16411, 1189, 24318, 19874, 'gut'),
(16603, 1384, 25770, 24480, 'gut'),
(16627, 1220, 17559, 21686, 'gut'),
(16671, 1195, 12488, 11287, 'gut'),
(16688, 1223, 25629, 14755, 'gut'),
(16814, 1144, 20737, 11597, 'gut'),
(16860, 1296, 27653, 22579, 'gut'),
(16895, 1082, 11631, 14952, 'gut'),
(17147, 1144, 20984, 19479, 'gut'),
(17193, 1309, 12451, 14317, 'gut'),
(17272, 1379, 16567, 25351, 'gut'),
(17380, 1379, 28763, 23790, 'gut'),
(17417, 1316, 17310, 28674, 'gut'),
(17475, 1345, 27526, 21423, 'gut'),
(17539, 1379, 23790, 23539, 'gut'),
(17547, 1205, 26975, 20701, 'gut'),
(17647, 1274, 26853, 18618, 'gut'),
(17661, 1195, 24663, 14523, 'gut'),
(17691, 1337, 10802, 12929, 'gut'),
(17813, 1309, 17157, 10569, 'gut'),
(17894, 1049, 23201, 26229, 'gut'),
(17948, 1144, 24143, 26594, 'gut'),
(18036, 1296, 23258, 26364, 'gut'),
(18084, 1094, 18281, 15570, 'gut'),
(18138, 1205, 10581, 27303, 'gut'),
(18192, 1298, 28498, 20060, 'gut'),
(18218, 1246, 19715, 12066, 'gut'),
(18246, 1298, 19092, 14021, 'gut'),
(18411, 1094, 15090, 21638, 'gut'),
(18416, 1223, 22826, 20626, 'gut'),
(18456, 1195, 16199, 25715, 'gut'),
(18478, 1205, 28737, 28242, 'gut'),
(18581, 1180, 12598, 12580, 'gut'),
(18616, 1223, 15978, 23663, 'gut'),
(18643, 1144, 11914, 24162, 'gut'),
(18688, 1049, 16232, 27440, 'gut'),
(18934, 1337, 18166, 22658, 'gut'),
(18964, 1315, 26850, 24693, 'gut'),
(19235, 1384, 24066, 18291, 'gut'),
(19372, 1296, 27524, 28543, 'gut'),
(19407, 1243, 20388, 18852, 'gut'),
(19412, 1189, 19874, 15367, 'gut'),
(19544, 1296, 18913, 15052, 'gut'),
(19667, 1296, 29261, 14352, 'gut'),
(19726, 1274, 19992, 26427, 'gut'),
(19776, 1315, 16442, 22002, 'gut'),
(19928, 1189, 15024, 10820, 'gut'),
(19936, 1246, 21343, 12114, 'gut'),
(19952, 1220, 22608, 14676, 'gut'),
(20033, 1274, 26499, 13007, 'gut'),
(20068, 1337, 20759, 21066, 'gut'),
(20071, 1220, 25722, 25998, 'gut'),
(20082, 1082, 14269, 29076, 'gut'),
(20126, 1189, 10820, 12743, 'gut'),
(20392, 1082, 10082, 19030, 'gut'),
(20428, 1337, 22467, 12412, 'gut'),
(20449, 1243, 23328, 17272, 'gut'),
(20567, 1223, 16284, 25856, 'gut'),
(20597, 1189, 15404, 17283, 'gut'),
(20635, 1316, 24741, 20634, 'gut'),
(20681, 1189, 13107, 28256, 'gut'),
(20691, 1315, 22002, 23612, 'gut'),
(20801, 1309, 11491, 27616, 'gut'),
(20834, 1296, 13628, 28089, 'gut'),
(20866, 1246, 13009, 15952, 'gut'),
(20948, 1296, 25041, 22596, 'gut'),
(20951, 1315, 19011, 19801, 'gut'),
(20979, 1082, 24533, 27811, 'gut'),
(21054, 1315, 28589, 14567, 'gut'),
(21151, 1144, 14666, 11914, 'gut'),
(21219, 1296, 25061, 17619, 'gut'),
(21223, 1309, 18368, 16846, 'gut'),
(21283, 1082, 25655, 10956, 'gut'),
(21288, 1094, 19760, 27927, 'gut'),
(21462, 1274, 17232, 15190, 'gut'),
(21495, 1337, 14075, 10802, 'gut'),
(21560, 1309, 27616, 12324, 'gut'),
(21618, 1337, 13865, 15169, 'gut'),
(21693, 1309, 21454, 25416, 'gut'),
(21703, 1243, 19569, 17795, 'gut'),
(21762, 1144, 21340, 20984, 'gut'),
(21765, 1345, 25660, 22053, 'gut'),
(21942, 1345, 20808, 17416, 'gut'),
(21946, 1189, 16396, 22983, 'gut'),
(21979, 1144, 23150, 19990, 'gut'),
(21983, 1049, 18380, 25698, 'gut'),
(21988, 1094, 28353, 16506, 'gut'),
(21994, 1082, 19780, 25680, 'gut'),
(22012, 1274, 11880, 26499, 'gut'),
(22120, 1205, 19904, 20701, 'gut'),
(22152, 1296, 14352, 26375, 'gut'),
(22188, 1379, 21249, 25351, 'gut'),
(22195, 1189, 25767, 22610, 'gut'),
(22227, 1316, 27021, 23740, 'gut'),
(22260, 1195, 11671, 29034, 'gut'),
(22488, 1345, 19857, 24524, 'gut'),
(22508, 1274, 17579, 24219, 'gut'),
(22519, 1049, 27440, 24821, 'gut'),
(22570, 1309, 15703, 27616, 'gut'),
(22726, 1298, 24139, 17192, 'gut'),
(22875, 1094, 18177, 21370, 'gut'),
(23050, 1345, 15997, 17416, 'gut'),
(23069, 1315, 26991, 16285, 'gut'),
(23086, 1274, 25979, 10179, 'gut'),
(23204, 1094, 12848, 10682, 'gut'),
(23219, 1189, 16674, 23943, 'gut'),
(23311, 1337, 23220, 20433, 'gut'),
(23339, 1082, 14846, 27201, 'gut'),
(23347, 1205, 14219, 25972, 'gut'),
(23433, 1345, 18502, 19113, 'gut'),
(23589, 1309, 23412, 12211, 'gut'),
(23606, 1189, 27495, 17781, 'gut'),
(23617, 1189, 18971, 15367, 'gut'),
(23716, 1309, 17849, 16846, 'gut'),
(23723, 1384, 25184, 24019, 'gut'),
(23732, 1189, 18971, 28259, 'gut'),
(23778, 1298, 19960, 11466, 'gut'),
(23790, 1379, 19329, 27439, 'gut'),
(23902, 1298, 24428, 19092, 'gut'),
(24025, 1195, 25715, 27700, 'gut'),
(24115, 1274, 13393, 24882, 'gut'),
(24141, 1274, 16455, 11880, 'gut'),
(24232, 1309, 11440, 11284, 'gut'),
(24253, 1274, 15717, 10889, 'gut'),
(24341, 1384, 25770, 20070, 'gut'),
(24412, 1082, 25655, 27279, 'gut'),
(24445, 1384, 19149, 21922, 'gut'),
(24500, 1243, 19569, 20755, 'gut'),
(24919, 1205, 27303, 15155, 'gut'),
(25025, 1274, 25979, 12254, 'gut'),
(25308, 1094, 28178, 15570, 'gut'),
(25318, 1337, 10224, 20092, 'gut'),
(25399, 1274, 23020, 16455, 'gut'),
(25432, 1274, 19916, 11880, 'gut'),
(25459, 1345, 18819, 15564, 'gut'),
(25469, 1315, 20734, 23612, 'gut'),
(25496, 1309, 13932, 11491, 'gut'),
(25526, 1309, 19550, 24631, 'gut'),
(25580, 1205, 21331, 28242, 'gut'),
(25582, 1223, 20626, 29086, 'gut'),
(25584, 1298, 12871, 19092, 'gut'),
(25595, 1049, 23201, 28671, 'gut'),
(25622, 1274, 21762, 10139, 'gut'),
(25623, 1082, 25390, 13924, 'gut'),
(25736, 1180, 15253, 25192, 'gut'),
(25768, 1180, 21051, 10831, 'gut'),
(25849, 1309, 17849, 23986, 'gut'),
(25872, 1345, 19291, 13351, 'gut'),
(26017, 1094, 21933, 28477, 'gut'),
(26029, 1298, 13850, 16579, 'gut'),
(26055, 1274, 18446, 26228, 'gut'),
(26065, 1298, 24139, 22279, 'gut'),
(26083, 1337, 10311, 23220, 'gut'),
(26248, 1180, 24319, 20797, 'gut'),
(26270, 1274, 10889, 21619, 'gut'),
(26277, 1379, 19832, 28512, 'gut'),
(26278, 1309, 10435, 27751, 'gut'),
(26287, 1220, 11326, 25855, 'gut'),
(26385, 1379, 19832, 10938, 'gut'),
(26438, 1246, 26000, 10872, 'gut'),
(26521, 1195, 21561, 28818, 'gut'),
(26545, 1315, 27767, 13443, 'gut'),
(26589, 1384, 17789, 18262, 'gut'),
(26622, 1195, 14523, 29219, 'gut'),
(26660, 1180, 29258, 14159, 'gut'),
(26755, 1296, 13628, 29261, 'gut'),
(26769, 1180, 20090, 10985, 'gut'),
(26771, 1315, 19379, 21753, 'gut'),
(26891, 1246, 28369, 15952, 'gut'),
(26930, 1274, 21405, 19555, 'gut'),
(27079, 1220, 21686, 21243, 'gut'),
(27120, 1180, 15833, 28681, 'gut'),
(27121, 1195, 25019, 17398, 'gut'),
(27159, 1189, 24703, 23067, 'gut'),
(27193, 1144, 11020, 19258, 'gut'),
(27239, 1315, 27767, 14567, 'gut'),
(27269, 1049, 16232, 11871, 'gut'),
(27277, 1220, 25722, 11294, 'gut'),
(27298, 1384, 17993, 20070, 'gut'),
(27332, 1223, 27090, 22274, 'gut'),
(27345, 1384, 15503, 27638, 'gut'),
(27348, 1274, 26228, 16430, 'gut'),
(27362, 1094, 25549, 10270, 'gut'),
(27429, 1316, 22681, 19814, 'gut'),
(27453, 1246, 14048, 16475, 'gut'),
(27480, 1049, 24952, 12122, 'gut'),
(27499, 1274, 15760, 19916, 'gut'),
(27566, 1223, 27182, 21832, 'gut'),
(27588, 1298, 23281, 19092, 'gut'),
(27590, 1205, 23144, 15929, 'gut'),
(27618, 1379, 18837, 28577, 'gut'),
(27646, 1379, 13022, 20187, 'gut'),
(27824, 1379, 10938, 15574, 'gut'),
(27903, 1049, 25595, 19970, 'gut'),
(27910, 1082, 29076, 10082, 'gut'),
(27917, 1337, 15169, 21165, 'gut'),
(27947, 1309, 26679, 14317, 'gut'),
(27985, 1315, 16442, 23080, 'gut'),
(28004, 1316, 28782, 25376, 'gut'),
(28018, 1220, 25893, 17748, 'gut'),
(28026, 1195, 26884, 20280, 'gut'),
(28159, 1316, 20751, 25332, 'gut'),
(28192, 1315, 28589, 14062, 'gut'),
(28212, 1180, 14159, 14819, 'gut'),
(28275, 1220, 12008, 14903, 'gut'),
(28288, 1195, 16632, 20280, 'gut'),
(28307, 1315, 17074, 25299, 'gut'),
(28329, 1296, 27653, 19997, 'gut'),
(28393, 1384, 10317, 13207, 'gut'),
(28396, 1274, 11842, 12385, 'gut'),
(28589, 1180, 10455, 29258, 'gut'),
(28604, 1316, 27021, 25453, 'gut'),
(28652, 1315, 11435, 22168, 'gut'),
(28658, 1246, 21928, 22513, 'gut'),
(28704, 1315, 21753, 14323, 'gut'),
(28712, 1094, 21933, 19760, 'gut'),
(28839, 1205, 23083, 10581, 'gut'),
(29038, 1337, 22658, 20759, 'gut'),
(29073, 1144, 24785, 11225, 'gut'),
(29083, 1223, 20626, 25629, 'gut'),
(29104, 1180, 28983, 19356, 'gut'),
(29131, 1337, 27609, 10574, 'gut'),
(29205, 1298, 28869, 25588, 'gut'),
(29246, 1180, 14159, 27686, 'gut'),
(29304, 1243, 21949, 28181, 'gut'),
(29310, 1384, 10654, 25770, 'gut'),
(29433, 1345, 27655, 15428, 'gut'),
(29580, 1315, 22168, 10180, 'gut'),
(29612, 1246, 20821, 16475, 'gut'),
(29647, 1220, 14199, 19091, 'gut'),
(29879, 1296, 11061, 26958, 'gut'),
(29922, 1296, 27231, 17619, 'gut'),
(29950, 1049, 24843, 19898, 'gut'),
(29964, 1180, 22384, 25018, 'gut'),
(30020, 1180, 16534, 15696, 'gut'),
(30024, 1195, 10932, 17398, 'gut'),
(30040, 1223, 22274, 23143, 'gut'),
(30050, 1315, 16126, 27633, 'gut'),
(30108, 1274, 10889, 28847, 'gut'),
(30159, 1296, 10893, 16204, 'gut'),
(30191, 1223, 25834, 21217, 'gut'),
(30218, 1205, 19457, 22191, 'gut'),
(30233, 1220, 12008, 25855, 'gut'),
(30336, 1379, 24910, 28877, 'gut'),
(30348, 1094, 24073, 24710, 'gut'),
(30371, 1180, 12600, 14159, 'gut'),
(30552, 1220, 16748, 11326, 'gut'),
(30559, 1049, 13321, 18380, 'gut'),
(30572, 1195, 12519, 12502, 'gut'),
(30592, 1345, 16072, 25069, 'gut'),
(30631, 1082, 25918, 24533, 'gut'),
(30666, 1379, 22425, 22151, 'gut'),
(30718, 1220, 16701, 20676, 'gut'),
(30795, 1296, 11263, 27186, 'gut'),
(30806, 1220, 23945, 21686, 'gut'),
(30923, 1316, 25684, 13943, 'gut'),
(30954, 1315, 23612, 23080, 'gut'),
(31042, 1049, 20997, 18628, 'gut'),
(31049, 1296, 13472, 22596, 'gut'),
(31095, 1379, 19832, 17561, 'gut'),
(31142, 1316, 13123, 20343, 'gut'),
(31149, 1094, 24073, 11776, 'gut'),
(31315, 1205, 10581, 17664, 'gut'),
(31417, 1274, 11880, 13007, 'gut'),
(31439, 1296, 17244, 28290, 'gut'),
(31597, 1296, 17619, 26958, 'gut'),
(31620, 1337, 22380, 18166, 'gut'),
(31624, 1274, 19916, 19992, 'gut'),
(31707, 1337, 20718, 10224, 'gut'),
(31736, 1384, 18508, 14088, 'gut'),
(31742, 1144, 16007, 12687, 'gut'),
(31839, 1082, 25281, 12532, 'gut'),
(31887, 1189, 23067, 25767, 'gut'),
(31901, 1205, 13907, 20027, 'gut'),
(31932, 1315, 16285, 24693, 'gut'),
(32022, 1189, 28018, 16637, 'gut'),
(32035, 1180, 29276, 14772, 'gut'),
(32094, 1309, 19926, 18368, 'gut'),
(32124, 1094, 16913, 28353, 'gut'),
(32283, 1082, 25655, 19081, 'gut'),
(32293, 1180, 10985, 22384, 'gut'),
(32396, 1379, 23471, 28763, 'gut'),
(32406, 1316, 12469, 17375, 'gut'),
(32510, 1309, 12324, 12451, 'gut'),
(32576, 1220, 13102, 26493, 'gut'),
(32610, 1296, 15040, 18913, 'gut'),
(32625, 1049, 20535, 14947, 'gut'),
(32649, 1246, 13009, 28369, 'gut'),
(32859, 1384, 10195, 18508, 'gut'),
(32966, 1345, 14318, 22053, 'gut'),
(32971, 1082, 14390, 25918, 'gut'),
(33024, 1180, 14907, 12600, 'gut'),
(33080, 1205, 28838, 24128, 'gut'),
(33112, 1094, 22539, 26680, 'gut'),
(33152, 1309, 19531, 19130, 'gut'),
(33201, 1298, 24428, 23281, 'gut'),
(33205, 1274, 18618, 15190, 'gut'),
(33213, 1315, 25248, 27855, 'gut'),
(33329, 1195, 28240, 26884, 'gut'),
(33474, 1205, 10666, 29012, 'gut'),
(33545, 1315, 16285, 16126, 'gut'),
(33694, 1189, 28808, 10749, 'gut'),
(33723, 1316, 25332, 17375, 'gut'),
(33855, 1316, 18608, 25376, 'gut'),
(33885, 1315, 23612, 17074, 'gut'),
(33969, 1384, 18739, 15761, 'gut'),
(34042, 1309, 16224, 16004, 'gut'),
(34059, 1195, 16478, 12519, 'gut'),
(34127, 1316, 18047, 12180, 'gut'),
(34298, 1274, 14205, 16455, 'gut'),
(34439, 1384, 10698, 25184, 'gut'),
(34504, 1189, 24318, 28256, 'gut'),
(34507, 1309, 18887, 10892, 'gut'),
(34558, 1309, 17397, 21454, 'gut'),
(34638, 1243, 18859, 23644, 'gut'),
(34654, 1082, 25281, 24620, 'gut'),
(34675, 1205, 28949, 10666, 'gut'),
(34766, 1180, 28163, 10831, 'gut'),
(34850, 1144, 19990, 24143, 'gut'),
(34872, 1144, 23150, 18936, 'gut'),
(34926, 1345, 10055, 10275, 'gut'),
(34949, 1189, 23943, 11550, 'gut'),
(34978, 1296, 21422, 20784, 'gut'),
(35112, 1298, 14335, 23322, 'gut'),
(35195, 1189, 16003, 17513, 'gut'),
(35343, 1309, 10435, 12421, 'gut'),
(35348, 1220, 19395, 15728, 'gut'),
(35394, 1094, 19760, 17492, 'gut'),
(35397, 1094, 25549, 22539, 'gut'),
(35671, 1315, 23476, 23612, 'gut'),
(35739, 1144, 24762, 12360, 'gut'),
(35893, 1195, 11671, 10536, 'gut'),
(35968, 1274, 10889, 11842, 'gut'),
(36164, 1205, 28949, 26582, 'gut'),
(36326, 1180, 11300, 10985, 'gut'),
(36369, 1316, 24741, 17310, 'gut'),
(36372, 1195, 20169, 29034, 'gut'),
(36389, 1205, 20701, 19975, 'gut'),
(36521, 1316, 27021, 20634, 'gut'),
(36542, 1049, 19970, 17894, 'gut'),
(36563, 1298, 26115, 17192, 'gut'),
(36587, 1384, 10317, 18778, 'gut'),
(36699, 1223, 16306, 10354, 'gut'),
(36752, 1298, 28153, 10566, 'gut'),
(36954, 1180, 14907, 12598, 'gut'),
(37107, 1189, 15980, 28256, 'gut'),
(37138, 1315, 23612, 14062, 'gut'),
(37144, 1189, 28808, 23943, 'gut'),
(37193, 1379, 18489, 27439, 'gut'),
(37206, 1223, 20124, 25629, 'gut'),
(37225, 1082, 29076, 15566, 'gut'),
(37442, 1223, 24227, 18285, 'gut'),
(37468, 1274, 16430, 16455, 'gut'),
(37510, 1223, 12879, 21832, 'gut'),
(37541, 1223, 22826, 24227, 'gut'),
(37652, 1379, 18305, 26896, 'gut'),
(37715, 1049, 10359, 15887, 'gut'),
(37831, 1195, 20652, 29219, 'gut'),
(37849, 1337, 12544, 25127, 'gut'),
(37862, 1315, 21722, 20171, 'gut'),
(37886, 1094, 10332, 24419, 'gut'),
(37907, 1049, 27396, 16232, 'gut'),
(37933, 1316, 23729, 14449, 'gut'),
(38005, 1049, 25280, 24546, 'gut'),
(38066, 1082, 14269, 10956, 'gut'),
(38082, 1384, 11584, 18941, 'gut'),
(38117, 1246, 24176, 12489, 'gut'),
(38233, 1309, 11284, 16024, 'gut'),
(38285, 1384, 24157, 28372, 'gut'),
(38300, 1205, 19933, 10590, 'gut'),
(38441, 1337, 28820, 12412, 'gut'),
(38461, 1298, 27950, 11037, 'gut'),
(38499, 1243, 27949, 25374, 'gut'),
(38585, 1243, 20898, 24007, 'gut'),
(38620, 1049, 25291, 24821, 'gut'),
(38734, 1337, 12559, 10311, 'gut'),
(38756, 1195, 21561, 20652, 'gut'),
(38818, 1220, 14604, 23945, 'gut'),
(38825, 1223, 13373, 23008, 'gut'),
(38834, 1315, 22002, 20734, 'gut'),
(38836, 1094, 10270, 24073, 'gut'),
(38884, 1309, 10569, 16024, 'gut'),
(39028, 1298, 23281, 28869, 'gut'),
(39032, 1205, 23083, 26442, 'gut'),
(39046, 1379, 19832, 18305, 'gut'),
(39099, 1337, 10224, 27467, 'gut'),
(39182, 1144, 10530, 11597, 'gut'),
(39262, 1144, 11020, 27863, 'gut'),
(39488, 1315, 19379, 27855, 'gut'),
(39491, 1220, 17748, 14903, 'gut'),
(39520, 1082, 12532, 13946, 'gut'),
(39619, 1315, 13783, 21558, 'gut'),
(39649, 1246, 22513, 26017, 'gut'),
(39684, 1223, 13373, 23633, 'gut'),
(39697, 1220, 14676, 19091, 'gut'),
(39702, 1246, 25662, 15952, 'gut'),
(39738, 1274, 23661, 18618, 'gut'),
(39799, 1049, 11871, 24285, 'gut'),
(39823, 1223, 28193, 28586, 'gut'),
(40049, 1246, 12819, 16856, 'gut'),
(40091, 1274, 17579, 21762, 'gut'),
(40092, 1049, 25291, 20535, 'gut'),
(40184, 1220, 25722, 22963, 'gut'),
(40251, 1274, 12254, 11880, 'gut'),
(40269, 1144, 19258, 20737, 'gut'),
(40299, 1049, 22236, 18380, 'gut'),
(40316, 1223, 22523, 24147, 'gut'),
(40369, 1220, 22285, 21686, 'gut'),
(40520, 1144, 15580, 12687, 'gut'),
(40640, 1298, 14334, 28869, 'gut'),
(40759, 1316, 24994, 28115, 'gut'),
(40769, 1082, 21742, 11349, 'gut'),
(40824, 1220, 19091, 11326, 'gut'),
(40829, 1189, 26087, 26970, 'gut'),
(40856, 1379, 22788, 11948, 'gut'),
(40880, 1298, 19960, 25588, 'gut'),
(40887, 1345, 20816, 20808, 'gut'),
(40956, 1384, 27911, 10730, 'gut'),
(40992, 1337, 13865, 25127, 'gut'),
(41118, 1316, 19415, 14001, 'gut'),
(41180, 1309, 28023, 11491, 'gut'),
(41231, 1316, 24994, 10480, 'gut'),
(41315, 1220, 11294, 26493, 'gut'),
(41330, 1082, 24765, 18760, 'gut'),
(41389, 1223, 18285, 21217, 'gut'),
(41485, 1082, 20444, 10082, 'gut'),
(41541, 1309, 23986, 25416, 'gut'),
(41602, 1223, 29086, 23633, 'gut'),
(41603, 1223, 15563, 19676, 'gut'),
(41604, 1049, 24843, 24260, 'gut'),
(41609, 1316, 21962, 14449, 'gut'),
(41636, 1180, 12600, 14819, 'gut'),
(41675, 1246, 20941, 22040, 'gut'),
(41753, 1180, 12007, 14772, 'gut'),
(41828, 1220, 14199, 15556, 'gut'),
(41894, 1082, 15566, 10082, 'gut'),
(41953, 1049, 24285, 19666, 'gut'),
(42005, 1180, 10985, 19835, 'gut'),
(42013, 1220, 21253, 14604, 'gut'),
(42097, 1246, 16856, 16786, 'gut'),
(42186, 1189, 27580, 24366, 'gut'),
(42306, 1205, 22191, 26582, 'gut'),
(42325, 1296, 26364, 28089, 'gut'),
(42329, 1274, 12254, 26427, 'gut'),
(42489, 1223, 26737, 27090, 'gut'),
(42521, 1049, 27396, 11871, 'gut'),
(42613, 1298, 10798, 28781, 'gut'),
(42632, 1144, 25594, 26547, 'gut'),
(42634, 1309, 16024, 11955, 'gut'),
(42651, 1345, 27768, 15131, 'gut'),
(42661, 1345, 27526, 25660, 'gut'),
(42724, 1315, 12865, 23476, 'gut'),
(42750, 1315, 25071, 27894, 'gut'),
(42761, 1384, 27306, 10195, 'gut'),
(42836, 1082, 20556, 10082, 'gut'),
(43125, 1220, 19091, 23389, 'gut'),
(43150, 1180, 11013, 20644, 'gut'),
(43185, 1082, 19610, 14846, 'gut'),
(43208, 1189, 24366, 16637, 'gut'),
(43246, 1274, 12385, 22122, 'gut'),
(43248, 1345, 12436, 20549, 'gut'),
(43255, 1379, 15574, 22228, 'gut'),
(43346, 1144, 24762, 25498, 'gut'),
(43414, 1195, 14523, 28886, 'gut'),
(43425, 1094, 27071, 28455, 'gut'),
(43447, 1274, 18446, 23806, 'gut'),
(43554, 1144, 26547, 20984, 'gut'),
(43657, 1298, 22173, 16579, 'gut'),
(43667, 1082, 10956, 21415, 'gut'),
(43736, 1195, 28886, 16199, 'gut'),
(43767, 1296, 13849, 22579, 'gut'),
(43897, 1298, 27950, 25588, 'gut'),
(43902, 1243, 18852, 24930, 'gut'),
(43914, 1094, 11571, 27071, 'gut'),
(43935, 1094, 28477, 19007, 'gut'),
(43940, 1379, 18305, 13022, 'gut'),
(44047, 1243, 15752, 18859, 'gut'),
(44065, 1309, 12459, 16149, 'gut'),
(44364, 1049, 16485, 15887, 'gut'),
(44467, 1316, 16900, 23729, 'gut'),
(44699, 1316, 24741, 25684, 'gut'),
(44740, 1379, 18542, 25351, 'gut'),
(44757, 1298, 28777, 11037, 'gut'),
(44761, 1094, 25228, 15896, 'gut'),
(44845, 1144, 13682, 11225, 'gut'),
(44989, 1345, 14037, 23834, 'gut'),
(45025, 1379, 13022, 29294, 'gut'),
(45099, 1246, 22076, 15273, 'gut'),
(45140, 1337, 22380, 18313, 'gut'),
(45157, 1144, 15580, 27764, 'gut'),
(45249, 1298, 28777, 22279, 'gut'),
(45260, 1195, 26925, 20277, 'gut'),
(45274, 1309, 26595, 23986, 'gut'),
(45319, 1246, 12489, 16856, 'gut'),
(45432, 1243, 26864, 24514, 'gut'),
(45464, 1243, 17272, 23571, 'gut'),
(45494, 1316, 25376, 24588, 'gut'),
(45580, 1246, 15273, 26017, 'gut'),
(45615, 1316, 12469, 10480, 'gut'),
(45658, 1315, 14062, 17247, 'gut'),
(45858, 1274, 26853, 13007, 'gut'),
(45864, 1220, 23389, 23068, 'gut'),
(45868, 1337, 15169, 24562, 'gut'),
(45917, 1309, 23107, 23850, 'gut'),
(45949, 1274, 26228, 23020, 'gut'),
(45970, 1315, 17074, 28589, 'gut'),
(46092, 1094, 11571, 27927, 'gut'),
(46115, 1223, 28193, 11775, 'gut'),
(46133, 1220, 19395, 19468, 'gut'),
(46173, 1144, 13257, 20590, 'gut'),
(46234, 1049, 13321, 15887, 'gut'),
(46278, 1384, 17789, 11271, 'gut'),
(46334, 1205, 10507, 26582, 'gut'),
(46364, 1316, 20751, 19415, 'gut'),
(46384, 1384, 24480, 18291, 'gut'),
(46445, 1195, 17994, 27496, 'gut'),
(46448, 1296, 27270, 23311, 'gut'),
(46497, 1220, 14199, 20676, 'gut'),
(46549, 1082, 25390, 20556, 'gut'),
(46598, 1274, 10961, 26577, 'gut'),
(46616, 1309, 26595, 21140, 'gut'),
(46630, 1309, 11491, 12421, 'gut'),
(46744, 1144, 10614, 21340, 'gut'),
(46802, 1189, 22610, 16637, 'gut'),
(46823, 1205, 20701, 18669, 'gut'),
(46841, 1337, 26509, 20441, 'gut'),
(46879, 1345, 15437, 20468, 'gut'),
(46898, 1296, 17244, 11783, 'gut'),
(46920, 1205, 28242, 15182, 'gut'),
(46941, 1220, 13853, 16748, 'gut'),
(47033, 1315, 21558, 28955, 'gut'),
(47075, 1094, 21638, 25228, 'gut'),
(47078, 1180, 10371, 25848, 'gut'),
(47086, 1195, 17994, 24663, 'gut'),
(47243, 1049, 17172, 17984, 'gut'),
(47297, 1274, 13007, 17232, 'gut'),
(47350, 1205, 14424, 11788, 'gut'),
(47364, 1049, 24828, 24546, 'gut'),
(47370, 1246, 25915, 27097, 'gut'),
(47378, 1379, 22151, 27627, 'gut'),
(47382, 1223, 23008, 25629, 'gut'),
(47432, 1384, 10468, 14440, 'gut'),
(47433, 1246, 14280, 20167, 'gut'),
(47449, 1144, 15216, 24143, 'gut'),
(47462, 1298, 17192, 13559, 'gut'),
(47633, 1189, 22617, 26222, 'gut'),
(47680, 1180, 14907, 20090, 'gut'),
(47696, 1296, 26375, 25832, 'gut'),
(47740, 1094, 19007, 17187, 'gut'),
(47778, 1246, 16856, 27097, 'gut'),
(47844, 1274, 18618, 18719, 'gut'),
(47857, 1180, 25848, 12580, 'gut'),
(47878, 1384, 27911, 24066, 'gut'),
(47894, 1246, 14048, 28008, 'gut'),
(47897, 1205, 27853, 26582, 'gut'),
(47917, 1243, 15752, 22875, 'gut'),
(47920, 1144, 20737, 27873, 'gut'),
(47953, 1195, 12647, 14007, 'gut'),
(47966, 1144, 26594, 21208, 'gut'),
(47985, 1223, 24227, 13338, 'gut'),
(47990, 1246, 16475, 16786, 'gut'),
(48030, 1082, 27192, 17785, 'gut'),
(48085, 1195, 11287, 27572, 'gut'),
(48102, 1315, 14062, 16285, 'gut'),
(48163, 1298, 19092, 19960, 'gut'),
(48205, 1144, 16007, 11020, 'gut'),
(48321, 1082, 15566, 11631, 'gut'),
(48419, 1082, 27811, 24286, 'gut'),
(48451, 1082, 25680, 20556, 'gut'),
(48547, 1298, 28869, 24268, 'gut'),
(48613, 1379, 27627, 18837, 'gut'),
(48669, 1243, 26558, 27949, 'gut'),
(48833, 1223, 20558, 24147, 'gut'),
(48857, 1298, 19048, 12131, 'gut'),
(48884, 1223, 21714, 28199, 'gut'),
(48885, 1316, 24741, 27021, 'gut'),
(48929, 1094, 21638, 19760, 'gut'),
(49023, 1223, 11775, 20558, 'gut'),
(49054, 1205, 11788, 22310, 'gut'),
(49140, 1315, 19046, 13653, 'gut'),
(49214, 1223, 18849, 20124, 'gut'),
(49464, 1379, 18095, 16567, 'gut'),
(49473, 1274, 18719, 22122, 'gut'),
(49491, 1189, 26087, 24318, 'gut'),
(49510, 1243, 18845, 20755, 'gut'),
(49515, 1220, 24205, 21243, 'gut'),
(49539, 1243, 18852, 13038, 'gut'),
(49647, 1337, 21066, 18313, 'gut'),
(49659, 1144, 18936, 12473, 'gut'),
(49684, 1144, 10530, 11914, 'gut'),
(49720, 1316, 28115, 18047, 'gut'),
(49825, 1195, 28818, 16551, 'gut'),
(49889, 1223, 25340, 20972, 'gut'),
(49947, 1274, 26427, 18618, 'gut'),
(49968, 1384, 10195, 11271, 'gut'),
(50051, 1223, 15048, 26737, 'gut'),
(50093, 1316, 24588, 17658, 'gut'),
(50102, 1384, 11153, 24797, 'gut'),
(50167, 1082, 25281, 27201, 'gut'),
(50183, 1144, 26594, 17752, 'gut'),
(50344, 1189, 23067, 16003, 'gut'),
(50363, 1144, 15580, 16007, 'gut'),
(50446, 1189, 28256, 22617, 'gut'),
(50468, 1223, 15048, 16306, 'gut'),
(50470, 1220, 25893, 23389, 'gut'),
(50676, 1220, 14903, 23389, 'gut'),
(50832, 1315, 28589, 28249, 'gut'),
(51024, 1094, 11776, 21286, 'gut'),
(51048, 1274, 13393, 18024, 'gut'),
(51116, 1180, 15696, 24319, 'gut'),
(51294, 1315, 27711, 28589, 'gut'),
(51300, 1049, 21824, 24828, 'gut'),
(51361, 1246, 27332, 14048, 'gut'),
(51480, 1180, 19925, 18468, 'gut'),
(51636, 1144, 11957, 23547, 'gut'),
(51669, 1309, 17849, 26595, 'gut');

-- --------------------------------------------------------

--
-- Tabellenstruktur für Tabelle `node_edges_false`
--

CREATE TABLE IF NOT EXISTS `node_edges_false` (
  `index` int(11) NOT NULL AUTO_INCREMENT,
  `chapter` int(11) DEFAULT NULL,
  `parent_id` int(11) NOT NULL,
  `child_id` int(11) NOT NULL,
  `teaser` text COLLATE utf8_unicode_ci NOT NULL,
  PRIMARY KEY (`index`)
) ENGINE=InnoDB  DEFAULT CHARSET=utf8 COLLATE=utf8_unicode_ci AUTO_INCREMENT=51704 ;

--
-- Daten für Tabelle `node_edges_false`
--

INSERT INTO `node_edges_false` (`index`, `chapter`, `parent_id`, `child_id`, `teaser`) VALUES
(10013, 1345, 23834, 18819, 'gut'),
(10018, 1384, 17993, 18739, 'gut'),
(10037, 1384, 14088, 18778, 'gut'),
(10047, 1243, 17795, 28585, 'gut'),
(10069, 1337, 27609, 20433, 'gut'),
(10090, 1195, 27039, 25864, 'gut'),
(10167, 1315, 12865, 25071, 'gut'),
(10169, 1316, 17658, 20751, 'gut'),
(10205, 1082, 18760, 26334, 'gut'),
(10224, 1223, 15978, 28199, 'gut'),
(10226, 1379, 18603, 29294, 'gut'),
(10278, 1049, 18364, 16232, 'gut'),
(10289, 1315, 27711, 26991, 'gut'),
(10338, 1337, 28305, 20433, 'gut'),
(10355, 1315, 10180, 19379, 'gut'),
(10359, 1094, 15090, 21939, 'gut'),
(10383, 1337, 27467, 10311, 'gut'),
(10385, 1205, 22353, 14424, 'gut'),
(10395, 1195, 23987, 21561, 'gut'),
(10399, 1316, 28782, 22877, 'gut'),
(10434, 1296, 29261, 27186, 'gut'),
(10438, 1246, 19889, 20941, 'gut'),
(10452, 1082, 13946, 10082, 'gut'),
(10481, 1379, 18095, 18305, 'gut'),
(10499, 1223, 13251, 20124, 'gut'),
(10525, 1298, 11022, 26115, 'gut'),
(10556, 1296, 18913, 26894, 'gut'),
(10557, 1379, 27272, 19346, 'gut'),
(10574, 1243, 26729, 10686, 'gut'),
(10614, 1220, 15062, 22608, 'gut'),
(10629, 1082, 23291, 11349, 'gut'),
(10650, 1315, 22002, 25299, 'gut'),
(10679, 1246, 20167, 10872, 'gut'),
(10705, 1180, 12580, 27686, 'gut'),
(10723, 1243, 10686, 20898, 'gut'),
(10739, 1144, 27863, 10271, 'gut'),
(10755, 1379, 19346, 18095, 'gut'),
(10769, 1082, 20556, 29076, 'gut'),
(10777, 1243, 17800, 13038, 'gut'),
(10865, 1345, 18210, 15437, 'gut'),
(10912, 1189, 10820, 22983, 'gut'),
(10930, 1180, 11195, 10371, 'gut'),
(10941, 1205, 26442, 27051, 'gut'),
(10942, 1384, 18262, 27078, 'gut'),
(11014, 1274, 14205, 25979, 'gut'),
(11023, 1049, 11474, 12122, 'gut'),
(11039, 1094, 19007, 24419, 'gut'),
(11072, 1246, 22040, 22207, 'gut'),
(11101, 1189, 21520, 28259, 'gut'),
(11107, 1189, 11550, 16637, 'gut'),
(11127, 1223, 13373, 28193, 'gut'),
(11154, 1082, 19199, 25680, 'gut'),
(11170, 1379, 25351, 27156, 'gut'),
(11190, 1094, 16913, 11776, 'gut'),
(11217, 1316, 18790, 28115, 'gut'),
(11256, 1205, 19904, 28949, 'gut'),
(11258, 1298, 28777, 11332, 'gut'),
(11267, 1246, 15273, 15181, 'gut'),
(11271, 1296, 25041, 23311, 'gut'),
(11276, 1246, 13759, 28907, 'gut'),
(11278, 1189, 23296, 25205, 'gut'),
(11281, 1082, 29172, 19199, 'gut'),
(11296, 1082, 10888, 25390, 'gut'),
(11331, 1274, 17579, 19916, 'gut'),
(11366, 1384, 11583, 21979, 'gut'),
(11433, 1274, 18446, 13393, 'gut'),
(11522, 1337, 14938, 20718, 'gut'),
(11541, 1180, 28681, 19356, 'gut'),
(11546, 1315, 14323, 27894, 'gut'),
(11576, 1296, 16204, 28828, 'gut'),
(11594, 1274, 26577, 15190, 'gut'),
(11623, 1315, 17247, 24850, 'gut'),
(11643, 1296, 28543, 26364, 'gut'),
(11652, 1180, 11195, 22518, 'gut'),
(11668, 1082, 27192, 24765, 'gut'),
(11670, 1315, 26991, 24850, 'gut'),
(11708, 1296, 22635, 24194, 'gut'),
(11722, 1337, 10224, 28305, 'gut'),
(11750, 1384, 10317, 21383, 'gut'),
(11762, 1195, 29219, 20280, 'gut'),
(11784, 1223, 22826, 10829, 'gut'),
(11804, 1144, 19990, 26594, 'gut'),
(11834, 1384, 18262, 10468, 'gut'),
(11840, 1274, 12385, 15625, 'gut'),
(11848, 1243, 20755, 23571, 'gut'),
(11856, 1379, 18603, 11948, 'gut'),
(11861, 1189, 26087, 15157, 'gut'),
(11890, 1316, 23246, 18790, 'gut'),
(11964, 1049, 17894, 11855, 'gut'),
(11981, 1316, 25309, 28674, 'gut'),
(11983, 1379, 10938, 17269, 'gut'),
(11992, 1345, 15131, 10055, 'gut'),
(11995, 1316, 12469, 18790, 'gut'),
(12004, 1315, 26850, 13443, 'gut'),
(12013, 1223, 16958, 25834, 'gut'),
(12017, 1246, 14018, 12819, 'gut'),
(12088, 1274, 16430, 26499, 'gut'),
(12124, 1296, 25061, 27948, 'gut'),
(12133, 1082, 20556, 14952, 'gut'),
(12148, 1379, 19329, 17058, 'gut'),
(12159, 1298, 21687, 12984, 'gut'),
(12163, 1180, 14819, 10371, 'gut'),
(12166, 1195, 29219, 11400, 'gut'),
(12199, 1082, 27201, 19199, 'gut'),
(12209, 1180, 24090, 19356, 'gut'),
(12210, 1337, 22618, 22658, 'gut'),
(12298, 1309, 21769, 23896, 'gut'),
(12309, 1195, 28240, 12647, 'gut'),
(12385, 1220, 21686, 14676, 'gut'),
(12386, 1144, 20737, 14688, 'gut'),
(12392, 1049, 25280, 26170, 'gut'),
(12393, 1246, 23634, 19889, 'gut'),
(12413, 1384, 17993, 24797, 'gut'),
(12428, 1298, 24360, 16579, 'gut'),
(12457, 1144, 17150, 11225, 'gut'),
(12505, 1298, 14335, 10798, 'gut'),
(12518, 1345, 13756, 18502, 'gut'),
(12551, 1189, 23538, 16396, 'gut'),
(12565, 1337, 20441, 16835, 'gut'),
(12569, 1082, 20444, 19610, 'gut'),
(12575, 1384, 11583, 11153, 'gut'),
(12655, 1189, 13107, 22617, 'gut'),
(12671, 1243, 18852, 17378, 'gut'),
(12691, 1384, 12889, 11153, 'gut'),
(12699, 1049, 22319, 13321, 'gut'),
(12706, 1337, 18166, 28820, 'gut'),
(12737, 1094, 14034, 17187, 'gut'),
(12741, 1205, 15413, 15929, 'gut'),
(12748, 1296, 18913, 25041, 'gut'),
(12793, 1180, 10831, 11195, 'gut'),
(12799, 1220, 14800, 21159, 'gut'),
(12862, 1220, 22963, 26027, 'gut'),
(12867, 1205, 13088, 23144, 'gut'),
(12877, 1144, 27863, 24785, 'gut'),
(12909, 1316, 12304, 18125, 'gut'),
(12915, 1189, 29087, 27495, 'gut'),
(12917, 1296, 18913, 24194, 'gut'),
(12954, 1315, 22253, 14062, 'gut'),
(12969, 1189, 22983, 18520, 'gut'),
(12985, 1243, 24514, 10107, 'gut'),
(13001, 1195, 12488, 20652, 'gut'),
(13010, 1189, 19874, 15157, 'gut'),
(13036, 1205, 12868, 19054, 'gut'),
(13073, 1345, 23933, 18502, 'gut'),
(13077, 1220, 11997, 13853, 'gut'),
(13104, 1274, 23661, 11880, 'gut'),
(13120, 1298, 14587, 13850, 'gut'),
(13182, 1274, 24882, 23020, 'gut'),
(13266, 1180, 10371, 12598, 'gut'),
(13279, 1243, 10686, 24007, 'gut'),
(13296, 1309, 23986, 11443, 'gut'),
(13298, 1316, 23729, 28782, 'gut'),
(13325, 1345, 16072, 13756, 'gut'),
(13339, 1205, 15413, 23164, 'gut'),
(13349, 1144, 12360, 23150, 'gut'),
(13392, 1246, 12819, 20821, 'gut'),
(13407, 1082, 25918, 11349, 'gut'),
(13449, 1195, 29200, 24663, 'gut'),
(13451, 1384, 22306, 17993, 'gut'),
(13500, 1315, 21045, 19046, 'gut'),
(13503, 1298, 14335, 14334, 'gut'),
(13515, 1223, 28193, 22523, 'gut'),
(13516, 1195, 14752, 23987, 'gut'),
(13525, 1144, 27873, 10271, 'gut'),
(13623, 1094, 24710, 15896, 'gut'),
(13634, 1384, 22551, 27809, 'gut'),
(13652, 1049, 17984, 26170, 'gut'),
(13656, 1220, 13414, 22285, 'gut'),
(13689, 1144, 27873, 19990, 'gut'),
(13698, 1195, 24663, 27496, 'gut'),
(13727, 1345, 12707, 20816, 'gut'),
(13762, 1309, 12324, 23896, 'gut'),
(13773, 1082, 14846, 29172, 'gut'),
(13825, 1298, 14021, 24658, 'gut'),
(13840, 1144, 24162, 24143, 'gut'),
(13841, 1223, 27090, 22365, 'gut'),
(13862, 1094, 21933, 17492, 'gut'),
(13902, 1296, 18913, 17619, 'gut'),
(13904, 1144, 19479, 19990, 'gut'),
(13928, 1243, 24007, 17633, 'gut'),
(13935, 1049, 19666, 24843, 'gut'),
(13946, 1337, 20433, 19502, 'gut'),
(13953, 1315, 18682, 27711, 'gut'),
(13958, 1195, 24121, 15370, 'gut'),
(13960, 1144, 15216, 26594, 'gut'),
(14012, 1094, 27927, 19959, 'gut'),
(14056, 1220, 25998, 18805, 'gut'),
(14101, 1345, 23624, 20808, 'gut'),
(14107, 1316, 14001, 25309, 'gut'),
(14115, 1082, 10888, 17785, 'gut'),
(14211, 1246, 19889, 21343, 'gut'),
(14215, 1345, 15953, 14318, 'gut'),
(14221, 1274, 16430, 21762, 'gut'),
(14238, 1316, 14001, 27021, 'gut'),
(14247, 1274, 18719, 26499, 'gut'),
(14250, 1384, 17789, 20572, 'gut'),
(14257, 1082, 26334, 29076, 'gut'),
(14326, 1246, 13009, 23377, 'gut'),
(14338, 1316, 28674, 20343, 'gut'),
(14340, 1379, 13022, 19329, 'gut'),
(14405, 1243, 17795, 17027, 'gut'),
(14452, 1315, 17247, 10180, 'gut'),
(14527, 1274, 19184, 18024, 'gut'),
(14531, 1223, 13338, 25340, 'gut'),
(14553, 1274, 15717, 13393, 'gut'),
(14599, 1180, 10455, 17678, 'gut'),
(14639, 1345, 21423, 18502, 'gut'),
(14650, 1205, 19592, 14453, 'gut'),
(14667, 1082, 26334, 23291, 'gut'),
(14683, 1049, 26229, 20003, 'gut'),
(14685, 1384, 10730, 11584, 'gut'),
(14694, 1049, 24260, 25291, 'gut'),
(14730, 1049, 16232, 13570, 'gut'),
(14883, 1223, 29086, 20558, 'gut'),
(14899, 1337, 21066, 24562, 'gut'),
(14934, 1205, 12868, 27051, 'gut'),
(14957, 1296, 17244, 10893, 'gut'),
(14972, 1189, 18971, 23296, 'gut'),
(14977, 1379, 29294, 11948, 'gut'),
(15001, 1223, 10909, 23143, 'gut'),
(15016, 1082, 13946, 22000, 'gut'),
(15032, 1220, 26493, 14676, 'gut'),
(15095, 1180, 11300, 19835, 'gut'),
(15128, 1195, 29034, 14007, 'gut'),
(15143, 1384, 27809, 10730, 'gut'),
(15144, 1316, 17105, 17658, 'gut'),
(15184, 1189, 22610, 28808, 'gut'),
(15188, 1205, 13088, 26442, 'gut'),
(15192, 1195, 14007, 11287, 'gut'),
(15229, 1274, 18024, 28278, 'gut'),
(15238, 1223, 14445, 18517, 'gut'),
(15244, 1049, 11474, 18144, 'gut'),
(15270, 1246, 19715, 22513, 'gut'),
(15278, 1296, 16883, 23437, 'gut'),
(15315, 1144, 17752, 29099, 'gut'),
(15339, 1316, 20102, 20751, 'gut'),
(15378, 1309, 18887, 19531, 'gut'),
(15384, 1345, 10275, 25069, 'gut'),
(15402, 1144, 14666, 21407, 'gut'),
(15405, 1205, 27853, 28949, 'gut'),
(15412, 1094, 28178, 21370, 'gut'),
(15420, 1189, 14794, 12226, 'gut'),
(15447, 1309, 19550, 26679, 'gut'),
(15482, 1205, 26975, 14776, 'gut'),
(15484, 1220, 17574, 19831, 'gut'),
(15500, 1246, 12066, 14048, 'gut'),
(15502, 1246, 26000, 16475, 'gut'),
(15504, 1337, 28527, 27204, 'gut'),
(15582, 1315, 13443, 24693, 'gut'),
(15624, 1384, 24157, 11271, 'gut'),
(15653, 1094, 21370, 16913, 'gut'),
(15670, 1082, 12853, 20556, 'gut'),
(15673, 1223, 15048, 11775, 'gut'),
(15698, 1220, 24205, 23389, 'gut'),
(15723, 1223, 26737, 25340, 'gut'),
(15733, 1094, 11571, 26680, 'gut'),
(15800, 1345, 18502, 20816, 'gut'),
(15814, 1049, 24952, 22319, 'gut'),
(15827, 1384, 21922, 15503, 'gut'),
(15842, 1309, 16846, 19130, 'gut'),
(15854, 1189, 27580, 25205, 'gut'),
(15858, 1379, 18113, 11948, 'gut'),
(15913, 1195, 27572, 16478, 'gut'),
(15941, 1296, 26894, 17244, 'gut'),
(15971, 1094, 28178, 23252, 'gut'),
(16029, 1309, 12459, 26679, 'gut'),
(16044, 1180, 25848, 28628, 'gut'),
(16051, 1345, 22053, 16072, 'gut'),
(16145, 1205, 28949, 28838, 'gut'),
(16177, 1246, 27097, 26017, 'gut'),
(16180, 1296, 15052, 28290, 'gut'),
(16192, 1094, 19473, 14034, 'gut'),
(16211, 1379, 23471, 14803, 'gut'),
(16236, 1337, 19712, 20718, 'gut'),
(16277, 1345, 20053, 24604, 'gut'),
(16304, 1337, 22618, 11289, 'gut'),
(16338, 1309, 10435, 15703, 'gut'),
(16355, 1144, 28967, 17150, 'gut'),
(16374, 1337, 25127, 27537, 'gut'),
(16435, 1189, 26970, 28256, 'gut'),
(16443, 1315, 19011, 19379, 'gut'),
(16462, 1337, 26406, 11117, 'gut'),
(16484, 1379, 18542, 26186, 'gut'),
(16492, 1220, 19831, 13414, 'gut'),
(16506, 1205, 23164, 22310, 'gut'),
(16532, 1246, 20941, 23867, 'gut'),
(16585, 1345, 15997, 12707, 'gut'),
(16593, 1223, 21217, 27182, 'gut'),
(16643, 1315, 17247, 27767, 'gut'),
(16653, 1309, 23074, 23850, 'gut'),
(16658, 1243, 20043, 25374, 'gut'),
(16674, 1205, 10590, 20027, 'gut'),
(16686, 1316, 20634, 28674, 'gut'),
(16728, 1274, 17579, 23806, 'gut'),
(16769, 1144, 25498, 26547, 'gut'),
(16776, 1094, 12848, 27071, 'gut'),
(16816, 1049, 24795, 19898, 'gut'),
(16834, 1298, 25588, 28153, 'gut'),
(16878, 1337, 20441, 20718, 'gut'),
(16905, 1082, 10888, 18452, 'gut'),
(16932, 1144, 23547, 27764, 'gut'),
(16953, 1144, 27873, 20984, 'gut'),
(16962, 1379, 20187, 18489, 'gut'),
(17003, 1094, 21317, 26680, 'gut'),
(17029, 1298, 19048, 13559, 'gut'),
(17030, 1298, 10566, 11022, 'gut'),
(17036, 1309, 11284, 26595, 'gut'),
(17067, 1379, 14803, 18305, 'gut'),
(17080, 1298, 25588, 17192, 'gut'),
(17116, 1049, 24843, 24821, 'gut'),
(17131, 1246, 25915, 25662, 'gut'),
(17172, 1049, 18364, 27396, 'gut'),
(17187, 1082, 23291, 14269, 'gut'),
(17192, 1296, 22635, 28089, 'gut'),
(17202, 1205, 28949, 27386, 'gut'),
(17212, 1316, 20751, 24994, 'gut'),
(17226, 1094, 12684, 18831, 'gut'),
(17232, 1384, 22551, 25184, 'gut'),
(17245, 1180, 24090, 23222, 'gut'),
(17267, 1337, 24562, 19502, 'gut'),
(17345, 1315, 28589, 19011, 'gut'),
(17362, 1094, 21933, 12848, 'gut'),
(17367, 1379, 27156, 18837, 'gut'),
(17377, 1220, 19395, 21159, 'gut'),
(17400, 1220, 20676, 22963, 'gut'),
(17424, 1316, 28782, 24588, 'gut'),
(17476, 1384, 11271, 13207, 'gut'),
(17477, 1205, 15929, 22310, 'gut'),
(17512, 1316, 13383, 25684, 'gut'),
(17548, 1205, 27853, 27285, 'gut'),
(17553, 1082, 25680, 19081, 'gut'),
(17565, 1180, 25192, 22518, 'gut'),
(17620, 1180, 15253, 27686, 'gut'),
(17690, 1337, 27467, 24562, 'gut'),
(17733, 1246, 15952, 22207, 'gut'),
(17738, 1094, 10682, 16913, 'gut'),
(17815, 1144, 13257, 13682, 'gut'),
(17821, 1298, 23322, 14334, 'gut'),
(17830, 1094, 17014, 24710, 'gut'),
(17855, 1180, 10455, 25192, 'gut'),
(17874, 1246, 28907, 16475, 'gut'),
(17974, 1094, 18177, 28328, 'gut'),
(17976, 1195, 29034, 12488, 'gut'),
(17977, 1316, 23373, 13123, 'gut'),
(18023, 1315, 17999, 27855, 'gut'),
(18037, 1220, 15728, 14676, 'gut'),
(18105, 1316, 17105, 23964, 'gut'),
(18118, 1246, 15181, 26017, 'gut'),
(18209, 1094, 19760, 23252, 'gut'),
(18227, 1274, 15682, 15625, 'gut'),
(18230, 1309, 27616, 14317, 'gut'),
(18245, 1243, 28585, 15673, 'gut'),
(18257, 1195, 20277, 27039, 'gut'),
(18328, 1379, 18305, 20187, 'gut'),
(18346, 1246, 15952, 15273, 'gut'),
(18363, 1205, 25600, 19933, 'gut'),
(18373, 1094, 27927, 25549, 'gut'),
(18436, 1180, 28163, 28681, 'gut'),
(18458, 1298, 11037, 11876, 'gut'),
(18476, 1205, 14776, 19457, 'gut'),
(18507, 1345, 16382, 19857, 'gut'),
(18525, 1220, 15556, 19091, 'gut'),
(18555, 1094, 28353, 21286, 'gut'),
(18620, 1082, 17785, 18452, 'gut'),
(18628, 1082, 17865, 12853, 'gut'),
(18632, 1189, 28808, 24366, 'gut'),
(18668, 1195, 14523, 27572, 'gut'),
(18671, 1205, 22353, 22310, 'gut'),
(18726, 1220, 18073, 26493, 'gut'),
(18746, 1345, 17416, 18715, 'gut'),
(18755, 1379, 13022, 17058, 'gut'),
(18759, 1337, 16835, 20759, 'gut'),
(18789, 1274, 26577, 21390, 'gut'),
(18806, 1082, 27201, 27192, 'gut'),
(18817, 1298, 21477, 19223, 'gut'),
(18828, 1315, 12865, 17074, 'gut'),
(18833, 1337, 24562, 20433, 'gut'),
(18845, 1049, 13162, 18364, 'gut'),
(18867, 1082, 12532, 24765, 'gut'),
(18869, 1309, 10019, 17157, 'gut'),
(18875, 1316, 25332, 25453, 'gut'),
(18899, 1205, 27386, 12868, 'gut'),
(18919, 1189, 28018, 10749, 'gut'),
(18991, 1246, 13216, 23377, 'gut'),
(19004, 1223, 23663, 25629, 'gut'),
(19005, 1049, 17172, 26170, 'gut'),
(19063, 1180, 25848, 12598, 'gut'),
(19093, 1049, 24952, 25291, 'gut'),
(19155, 1180, 28205, 18468, 'gut'),
(19177, 1189, 11309, 17513, 'gut'),
(19191, 1246, 19715, 19889, 'gut'),
(19207, 1298, 12131, 11022, 'gut'),
(19214, 1298, 23281, 24360, 'gut'),
(19230, 1274, 23020, 26853, 'gut'),
(19251, 1296, 22596, 11783, 'gut'),
(19326, 1243, 19569, 18845, 'gut'),
(19328, 1315, 27633, 24850, 'gut'),
(19408, 1274, 26228, 21762, 'gut'),
(19416, 1345, 20468, 16072, 'gut'),
(19438, 1298, 14281, 22356, 'gut'),
(19450, 1082, 26334, 14269, 'gut'),
(19477, 1298, 13559, 10798, 'gut'),
(19480, 1384, 27306, 28372, 'gut'),
(19489, 1189, 14804, 23538, 'gut'),
(19492, 1337, 11289, 21066, 'gut'),
(19509, 1337, 18166, 15245, 'gut'),
(19524, 1205, 13907, 22353, 'gut'),
(19537, 1384, 22306, 15761, 'gut'),
(19558, 1298, 20060, 19048, 'gut'),
(19656, 1246, 28907, 10872, 'gut'),
(19718, 1384, 27911, 25770, 'gut'),
(19723, 1082, 27192, 10457, 'gut'),
(19731, 1243, 12490, 26729, 'gut'),
(19747, 1296, 28828, 11263, 'gut'),
(19792, 1180, 12600, 11195, 'gut'),
(19798, 1094, 19959, 15896, 'gut'),
(19813, 1189, 11309, 23067, 'gut'),
(19821, 1316, 23964, 20102, 'gut'),
(19828, 1082, 26334, 27279, 'gut'),
(19847, 1195, 15370, 14007, 'gut'),
(19890, 1337, 11117, 12544, 'gut'),
(19919, 1337, 21242, 22467, 'gut'),
(19920, 1246, 28369, 20167, 'gut'),
(19922, 1316, 18125, 20634, 'gut'),
(19941, 1220, 11294, 15062, 'gut'),
(19960, 1223, 14445, 25834, 'gut'),
(19963, 1315, 23476, 19801, 'gut'),
(19972, 1189, 17513, 12226, 'gut'),
(19982, 1296, 13215, 25061, 'gut'),
(19990, 1205, 19054, 10581, 'gut'),
(19994, 1220, 14633, 18805, 'gut'),
(20012, 1049, 18628, 20003, 'gut'),
(20022, 1379, 16303, 27439, 'gut'),
(20039, 1309, 27616, 26595, 'gut'),
(20152, 1315, 24850, 25248, 'gut'),
(20158, 1379, 19329, 18837, 'gut'),
(20197, 1243, 27404, 26729, 'gut'),
(20218, 1384, 20070, 24066, 'gut'),
(20253, 1274, 15717, 26228, 'gut'),
(20258, 1180, 12598, 11300, 'gut'),
(20259, 1246, 16856, 16475, 'gut'),
(20264, 1345, 24524, 18205, 'gut'),
(20276, 1094, 28353, 27071, 'gut'),
(20334, 1309, 21769, 19531, 'gut'),
(20341, 1223, 15563, 10909, 'gut'),
(20399, 1243, 10107, 24007, 'gut'),
(20416, 1144, 13257, 10614, 'gut'),
(20418, 1337, 11289, 20759, 'gut'),
(20480, 1223, 29086, 18849, 'gut'),
(20492, 1180, 10383, 20644, 'gut'),
(20530, 1298, 24658, 19960, 'gut'),
(20538, 1296, 11263, 27270, 'gut'),
(20544, 1246, 22076, 15181, 'gut'),
(20610, 1246, 25662, 22076, 'gut'),
(20638, 1316, 24994, 14449, 'gut'),
(20660, 1379, 28512, 22151, 'gut'),
(20711, 1246, 12114, 20167, 'gut'),
(20717, 1082, 24765, 14004, 'gut'),
(20767, 1049, 22319, 23201, 'gut'),
(20777, 1337, 20759, 27609, 'gut'),
(20869, 1223, 25629, 11775, 'gut'),
(20875, 1298, 11062, 24360, 'gut'),
(20920, 1094, 21933, 15090, 'gut'),
(20923, 1384, 15503, 28372, 'gut'),
(20940, 1082, 25680, 10457, 'gut'),
(20975, 1337, 27537, 28305, 'gut'),
(20988, 1243, 12490, 19315, 'gut'),
(21012, 1220, 21180, 13853, 'gut'),
(21016, 1195, 12653, 14523, 'gut'),
(21044, 1223, 23143, 18285, 'gut'),
(21099, 1246, 14280, 15952, 'gut'),
(21124, 1315, 25248, 14323, 'gut'),
(21185, 1274, 15760, 16455, 'gut'),
(21222, 1296, 25832, 21422, 'gut'),
(21240, 1274, 14205, 17988, 'gut'),
(21248, 1309, 27751, 12459, 'gut'),
(21296, 1189, 27580, 12226, 'gut'),
(21313, 1144, 12473, 11957, 'gut'),
(21330, 1205, 11788, 15155, 'gut'),
(21332, 1243, 21273, 21949, 'gut'),
(21396, 1180, 11195, 12580, 'gut'),
(21455, 1223, 22274, 19676, 'gut'),
(21469, 1082, 18760, 25390, 'gut'),
(21538, 1315, 14062, 13443, 'gut'),
(21546, 1223, 16306, 24227, 'gut'),
(21564, 1384, 29262, 10317, 'gut'),
(21589, 1049, 25291, 13321, 'gut'),
(21601, 1345, 19291, 16072, 'gut'),
(21644, 1379, 18542, 27439, 'gut'),
(21661, 1094, 28477, 17014, 'gut'),
(21681, 1094, 16160, 18831, 'gut'),
(21708, 1298, 19960, 24151, 'gut'),
(21744, 1309, 27543, 11955, 'gut'),
(21763, 1274, 27115, 18024, 'gut'),
(21768, 1223, 26737, 19676, 'gut'),
(21805, 1274, 23661, 26427, 'gut'),
(21808, 1220, 15728, 17748, 'gut'),
(21817, 1345, 21423, 18254, 'gut'),
(21851, 1379, 27627, 22788, 'gut'),
(21871, 1345, 22053, 13756, 'gut'),
(21892, 1223, 28586, 21217, 'gut'),
(21937, 1379, 20621, 18542, 'gut'),
(21978, 1049, 18364, 24902, 'gut'),
(22023, 1379, 22228, 20187, 'gut'),
(22026, 1298, 12871, 14587, 'gut'),
(22098, 1379, 17561, 22228, 'gut'),
(22138, 1246, 19954, 26000, 'gut'),
(22139, 1379, 23790, 13819, 'gut'),
(22178, 1316, 24588, 17375, 'gut'),
(22229, 1315, 21045, 18682, 'gut'),
(22252, 1243, 15752, 23644, 'gut'),
(22343, 1274, 15625, 16039, 'gut'),
(22351, 1315, 25299, 21753, 'gut'),
(22358, 1316, 23824, 27021, 'gut'),
(22494, 1337, 14075, 26509, 'gut'),
(22498, 1189, 14804, 13107, 'gut'),
(22527, 1337, 22012, 21066, 'gut'),
(22529, 1337, 12929, 10574, 'gut'),
(22607, 1180, 24090, 11300, 'gut'),
(22610, 1082, 12853, 26334, 'gut'),
(22614, 1243, 24007, 27949, 'gut'),
(22633, 1379, 17058, 18113, 'gut'),
(22635, 1180, 19925, 24090, 'gut'),
(22652, 1384, 20572, 24797, 'gut'),
(22660, 1205, 14776, 28838, 'gut'),
(22662, 1298, 24428, 23875, 'gut'),
(22695, 1384, 27911, 11583, 'gut'),
(22696, 1246, 22076, 21928, 'gut'),
(22745, 1345, 27768, 18210, 'gut'),
(22785, 1082, 27201, 16494, 'gut'),
(22798, 1180, 11300, 15696, 'gut'),
(22840, 1296, 13215, 27948, 'gut'),
(22844, 1316, 25376, 22877, 'gut'),
(22883, 1144, 20984, 29099, 'gut'),
(22892, 1082, 24286, 10888, 'gut'),
(22915, 1049, 19970, 14947, 'gut'),
(22920, 1243, 11954, 25374, 'gut'),
(22927, 1246, 19954, 15010, 'gut'),
(22930, 1195, 27496, 10932, 'gut'),
(22979, 1309, 21454, 16149, 'gut'),
(22987, 1274, 26499, 15190, 'gut'),
(23038, 1315, 20734, 17074, 'gut'),
(23052, 1243, 11954, 13038, 'gut'),
(23092, 1223, 22523, 27182, 'gut'),
(23093, 1246, 14018, 23634, 'gut'),
(23109, 1296, 26958, 28543, 'gut'),
(23127, 1315, 14567, 19801, 'gut'),
(23203, 1315, 21722, 24693, 'gut'),
(23205, 1315, 28249, 25248, 'gut'),
(23221, 1049, 11474, 20997, 'gut'),
(23228, 1223, 15048, 27090, 'gut'),
(23229, 1223, 25629, 15011, 'gut'),
(23234, 1195, 12647, 23987, 'gut'),
(23235, 1205, 14776, 14219, 'gut'),
(23274, 1309, 23850, 16224, 'gut'),
(23275, 1205, 19975, 15155, 'gut'),
(23304, 1049, 20349, 15887, 'gut'),
(23307, 1315, 21558, 21045, 'gut'),
(23310, 1189, 23538, 15980, 'gut'),
(23318, 1082, 13924, 17785, 'gut'),
(23335, 1195, 20277, 14007, 'gut'),
(23377, 1309, 18368, 11443, 'gut'),
(23447, 1094, 21953, 19959, 'gut'),
(23473, 1296, 23437, 17244, 'gut'),
(23537, 1309, 26679, 23074, 'gut'),
(23547, 1243, 18244, 17800, 'gut'),
(23578, 1220, 25722, 19395, 'gut'),
(23584, 1384, 10654, 17993, 'gut'),
(23592, 1337, 22618, 12559, 'gut'),
(23704, 1309, 14317, 11284, 'gut'),
(23718, 1309, 16846, 25416, 'gut'),
(23722, 1180, 20822, 11013, 'gut'),
(23811, 1049, 15887, 17172, 'gut'),
(23833, 1205, 22191, 14219, 'gut'),
(23882, 1379, 18489, 26896, 'gut'),
(23937, 1345, 15428, 24341, 'gut'),
(23941, 1180, 28628, 29276, 'gut'),
(23974, 1246, 26000, 20941, 'gut'),
(24017, 1309, 23850, 18368, 'gut'),
(24060, 1049, 19970, 13570, 'gut'),
(24072, 1094, 16160, 25211, 'gut'),
(24090, 1309, 19550, 14317, 'gut'),
(24095, 1243, 18244, 17378, 'gut'),
(24117, 1337, 12559, 20092, 'gut'),
(24143, 1094, 21370, 28328, 'gut'),
(24149, 1195, 20277, 24676, 'gut'),
(24157, 1195, 13377, 16632, 'gut'),
(24160, 1180, 28628, 19925, 'gut'),
(24214, 1246, 12819, 10872, 'gut'),
(24306, 1220, 17574, 19468, 'gut'),
(24345, 1223, 14755, 20558, 'gut'),
(24361, 1379, 22788, 20210, 'gut'),
(24392, 1144, 11020, 13257, 'gut'),
(24468, 1094, 15570, 28328, 'gut'),
(24575, 1243, 15752, 17027, 'gut'),
(24581, 1180, 27686, 24090, 'gut'),
(24670, 1379, 10555, 18603, 'gut'),
(24690, 1337, 13142, 28820, 'gut'),
(24704, 1379, 26186, 18305, 'gut'),
(24741, 1082, 11631, 19030, 'gut'),
(24744, 1220, 26493, 29049, 'gut'),
(24791, 1220, 16748, 23389, 'gut'),
(24842, 1345, 27526, 10372, 'gut'),
(24859, 1337, 11603, 27537, 'gut'),
(24873, 1082, 24765, 10888, 'gut'),
(24932, 1049, 16485, 20003, 'gut'),
(24954, 1296, 27653, 18769, 'gut'),
(24960, 1195, 26884, 15370, 'gut'),
(24963, 1205, 18669, 20027, 'gut'),
(25010, 1144, 11225, 25594, 'gut'),
(25013, 1180, 23222, 24319, 'gut'),
(25021, 1049, 18144, 22236, 'gut'),
(25045, 1274, 23806, 21762, 'gut'),
(25048, 1309, 23107, 11440, 'gut'),
(25074, 1094, 12848, 18281, 'gut'),
(25075, 1243, 10686, 27949, 'gut'),
(25090, 1180, 14819, 11195, 'gut'),
(25122, 1082, 24286, 10956, 'gut'),
(25160, 1309, 11443, 21140, 'gut'),
(25161, 1337, 15169, 21066, 'gut'),
(25170, 1220, 26027, 22285, 'gut'),
(25226, 1144, 19258, 11914, 'gut'),
(25240, 1180, 12600, 15833, 'gut'),
(25246, 1309, 19130, 27543, 'gut'),
(25273, 1379, 13819, 16303, 'gut'),
(25322, 1274, 25979, 26427, 'gut'),
(25323, 1298, 13850, 22173, 'gut'),
(25340, 1189, 22610, 18520, 'gut'),
(25341, 1316, 23740, 10480, 'gut'),
(25372, 1180, 19835, 28205, 'gut'),
(25420, 1094, 16160, 28328, 'gut'),
(25426, 1180, 25192, 12007, 'gut'),
(25462, 1049, 27396, 24285, 'gut'),
(25482, 1384, 15503, 18508, 'gut'),
(25494, 1094, 18281, 10682, 'gut'),
(25523, 1384, 10654, 18739, 'gut'),
(25527, 1309, 19926, 26595, 'gut'),
(25528, 1345, 24604, 18254, 'gut'),
(25531, 1220, 23068, 29093, 'gut'),
(25550, 1379, 18095, 10938, 'gut'),
(25578, 1180, 19835, 11077, 'gut'),
(25588, 1309, 25416, 16024, 'gut'),
(25603, 1223, 12403, 10829, 'gut'),
(25606, 1384, 16733, 10195, 'gut'),
(25626, 1337, 10802, 27467, 'gut'),
(25643, 1316, 23373, 24629, 'gut'),
(25683, 1195, 15370, 26925, 'gut'),
(25717, 1094, 17492, 21370, 'gut'),
(25740, 1082, 18452, 12853, 'gut'),
(25743, 1309, 16781, 19130, 'gut'),
(25761, 1337, 15245, 14938, 'gut'),
(25770, 1243, 15312, 20043, 'gut'),
(25801, 1337, 10802, 13865, 'gut'),
(25809, 1316, 28782, 18608, 'gut'),
(25812, 1274, 10139, 18024, 'gut'),
(25820, 1189, 17781, 28256, 'gut'),
(25838, 1309, 24631, 17157, 'gut'),
(25861, 1205, 13907, 19457, 'gut'),
(25869, 1315, 19046, 11435, 'gut'),
(25891, 1049, 18628, 20535, 'gut'),
(25922, 1315, 13783, 28249, 'gut'),
(25934, 1049, 25698, 24546, 'gut'),
(25962, 1195, 20280, 28886, 'gut'),
(25984, 1205, 13088, 22310, 'gut'),
(25990, 1246, 17768, 14280, 'gut'),
(26016, 1223, 18849, 13251, 'gut'),
(26059, 1189, 28256, 20045, 'gut'),
(26064, 1220, 11997, 17574, 'gut'),
(26150, 1274, 10179, 15760, 'gut'),
(26155, 1246, 12489, 20821, 'gut'),
(26176, 1345, 13351, 16072, 'gut'),
(26214, 1180, 14772, 24090, 'gut'),
(26223, 1316, 18125, 24741, 'gut'),
(26275, 1082, 19030, 21415, 'gut'),
(26281, 1205, 14219, 27051, 'gut'),
(26297, 1315, 25171, 19379, 'gut'),
(26346, 1094, 26680, 27071, 'gut'),
(26348, 1189, 17819, 23067, 'gut'),
(26422, 1384, 15761, 10698, 'gut'),
(26443, 1246, 26017, 15985, 'gut'),
(26512, 1189, 22617, 21520, 'gut'),
(26514, 1315, 20067, 24850, 'gut'),
(26518, 1180, 25018, 29151, 'gut'),
(26540, 1049, 22319, 24546, 'gut'),
(26633, 1384, 24019, 15503, 'gut'),
(26651, 1274, 23806, 10139, 'gut'),
(26674, 1345, 15610, 14037, 'gut'),
(26677, 1195, 11400, 20280, 'gut'),
(26691, 1205, 23164, 23083, 'gut'),
(26719, 1205, 15155, 28242, 'gut'),
(26725, 1316, 27021, 17310, 'gut'),
(26732, 1094, 18831, 12092, 'gut'),
(26744, 1315, 23476, 17074, 'gut'),
(26871, 1296, 10554, 23437, 'gut'),
(26875, 1180, 24090, 28205, 'gut'),
(26877, 1384, 10468, 28372, 'gut'),
(26882, 1315, 12865, 21558, 'gut'),
(26901, 1082, 14846, 14269, 'gut'),
(27009, 1189, 15404, 28259, 'gut'),
(27047, 1220, 19468, 14800, 'gut'),
(27070, 1316, 17105, 12469, 'gut'),
(27077, 1246, 15010, 28907, 'gut'),
(27083, 1246, 15273, 22207, 'gut'),
(27084, 1094, 21317, 11571, 'gut'),
(27094, 1220, 18805, 19468, 'gut'),
(27099, 1296, 27524, 10554, 'gut'),
(27115, 1180, 25192, 14907, 'gut'),
(27132, 1316, 22877, 25684, 'gut'),
(27163, 1243, 19569, 19315, 'gut'),
(27184, 1379, 17561, 27272, 'gut'),
(27218, 1205, 25972, 19904, 'gut'),
(27219, 1180, 20797, 25018, 'gut'),
(27223, 1315, 19379, 25299, 'gut'),
(27238, 1220, 29093, 25855, 'gut'),
(27250, 1296, 28290, 25832, 'gut'),
(27255, 1049, 24902, 17172, 'gut'),
(27281, 1274, 16039, 18446, 'gut'),
(27318, 1223, 16306, 13373, 'gut'),
(27321, 1309, 10892, 10569, 'gut'),
(27352, 1243, 18852, 18244, 'gut'),
(27368, 1379, 27627, 23790, 'gut'),
(27415, 1379, 17269, 27156, 'gut'),
(27490, 1205, 26975, 25972, 'gut'),
(27496, 1246, 16786, 27097, 'gut'),
(27515, 1316, 22681, 17375, 'gut'),
(27520, 1144, 20737, 22109, 'gut'),
(27581, 1315, 25071, 13783, 'gut'),
(27598, 1274, 21405, 23020, 'gut'),
(27601, 1223, 12879, 24147, 'gut'),
(27621, 1298, 11062, 15424, 'gut'),
(27626, 1180, 10383, 10455, 'gut'),
(27638, 1298, 23961, 12871, 'gut'),
(27639, 1220, 25893, 23068, 'gut'),
(27650, 1243, 23644, 14490, 'gut'),
(27674, 1296, 26894, 24194, 'gut'),
(27716, 1309, 11491, 14317, 'gut'),
(27720, 1379, 24910, 17058, 'gut'),
(27721, 1274, 28278, 19992, 'gut'),
(27727, 1243, 20388, 21949, 'gut'),
(27790, 1049, 23201, 25291, 'gut'),
(27810, 1144, 11225, 20984, 'gut'),
(27814, 1082, 10457, 18760, 'gut'),
(27822, 1246, 23377, 15181, 'gut'),
(27839, 1223, 23143, 19676, 'gut'),
(27871, 1223, 24147, 25834, 'gut'),
(27897, 1316, 14571, 18790, 'gut'),
(27901, 1220, 29049, 11326, 'gut'),
(27942, 1315, 17074, 20067, 'gut'),
(27977, 1337, 28527, 22012, 'gut'),
(27981, 1195, 10932, 16199, 'gut'),
(28019, 1345, 25069, 19113, 'gut'),
(28033, 1195, 28240, 20169, 'gut'),
(28037, 1337, 28820, 25072, 'gut'),
(28046, 1049, 28671, 11474, 'gut'),
(28058, 1223, 15048, 16284, 'gut'),
(28074, 1205, 18669, 25600, 'gut'),
(28131, 1094, 28455, 17014, 'gut'),
(28219, 1180, 10383, 19356, 'gut'),
(28231, 1384, 14088, 29262, 'gut'),
(28260, 1379, 12724, 17058, 'gut'),
(28320, 1379, 20210, 13819, 'gut'),
(28321, 1220, 21686, 13853, 'gut'),
(28338, 1049, 20997, 20535, 'gut'),
(28341, 1345, 28209, 18254, 'gut'),
(28345, 1309, 11284, 23412, 'gut'),
(28362, 1309, 10019, 10892, 'gut'),
(28401, 1345, 20549, 18819, 'gut'),
(28436, 1205, 19933, 15182, 'gut'),
(28439, 1316, 19814, 18047, 'gut'),
(28451, 1384, 18291, 21979, 'gut'),
(28453, 1337, 22380, 12412, 'gut'),
(28471, 1180, 14907, 14819, 'gut'),
(28550, 1189, 15404, 27580, 'gut'),
(28577, 1243, 15312, 17272, 'gut'),
(28585, 1220, 17559, 13853, 'gut'),
(28607, 1384, 18262, 18739, 'gut'),
(28645, 1082, 19780, 25281, 'gut'),
(28654, 1379, 20210, 19883, 'gut'),
(28667, 1189, 17819, 22610, 'gut'),
(28671, 1223, 21714, 23143, 'gut'),
(28693, 1274, 15717, 11842, 'gut'),
(28696, 1309, 23850, 19926, 'gut'),
(28735, 1189, 11309, 19874, 'gut'),
(28766, 1246, 28642, 22513, 'gut'),
(28792, 1379, 19346, 22228, 'gut'),
(28815, 1379, 27439, 18113, 'gut'),
(28818, 1082, 27811, 20444, 'gut'),
(28841, 1049, 12122, 26229, 'gut'),
(28857, 1205, 19592, 10507, 'gut'),
(28875, 1243, 20755, 12490, 'gut'),
(28900, 1243, 28585, 26864, 'gut'),
(28912, 1345, 15564, 18502, 'gut'),
(28927, 1296, 20784, 27270, 'gut'),
(28945, 1384, 18991, 28372, 'gut'),
(28978, 1315, 17074, 21722, 'gut'),
(28982, 1223, 28193, 12879, 'gut'),
(28987, 1337, 15169, 14938, 'gut'),
(29005, 1379, 27627, 13819, 'gut'),
(29011, 1220, 21388, 14633, 'gut'),
(29023, 1195, 28886, 27700, 'gut'),
(29084, 1082, 24533, 24620, 'gut'),
(29089, 1345, 27655, 14037, 'gut'),
(29148, 1220, 21159, 15062, 'gut'),
(29164, 1315, 26850, 26991, 'gut'),
(29175, 1384, 22306, 10468, 'gut'),
(29311, 1220, 17748, 29093, 'gut'),
(29312, 1298, 23875, 23281, 'gut'),
(29325, 1315, 24850, 22168, 'gut'),
(29329, 1223, 25629, 12879, 'gut'),
(29365, 1315, 21558, 19011, 'gut'),
(29378, 1220, 14633, 19468, 'gut'),
(29386, 1195, 12798, 12502, 'gut'),
(29395, 1316, 19814, 23246, 'gut'),
(29408, 1274, 21619, 13007, 'gut'),
(29430, 1246, 27332, 24176, 'gut'),
(29490, 1274, 21390, 17988, 'gut'),
(29511, 1223, 18849, 14755, 'gut'),
(29534, 1220, 18073, 13102, 'gut'),
(29535, 1316, 22877, 23964, 'gut'),
(29550, 1337, 10574, 20433, 'gut'),
(29576, 1144, 28857, 26594, 'gut'),
(29585, 1345, 15610, 21423, 'gut'),
(29618, 1379, 22425, 19832, 'gut'),
(29619, 1223, 23633, 23008, 'gut'),
(29627, 1144, 28967, 19479, 'gut'),
(29691, 1384, 10730, 18508, 'gut'),
(29744, 1345, 16382, 28209, 'gut'),
(29759, 1144, 26547, 27873, 'gut'),
(29774, 1274, 19916, 19555, 'gut'),
(29782, 1315, 16442, 18682, 'gut'),
(29795, 1189, 29087, 16396, 'gut'),
(29813, 1243, 26558, 17800, 'gut'),
(29820, 1246, 23377, 12114, 'gut'),
(29847, 1345, 25660, 15610, 'gut'),
(29887, 1384, 10654, 27306, 'gut'),
(29893, 1379, 15574, 26186, 'gut'),
(29896, 1223, 22523, 20558, 'gut'),
(29932, 1144, 24162, 27863, 'gut'),
(29942, 1379, 28763, 23539, 'gut'),
(29943, 1296, 19997, 26375, 'gut'),
(29959, 1243, 28075, 18852, 'gut'),
(29968, 1205, 27051, 28242, 'gut'),
(29974, 1298, 19960, 16520, 'gut'),
(30087, 1180, 25848, 12007, 'gut'),
(30091, 1223, 20124, 15011, 'gut'),
(30092, 1298, 20060, 12131, 'gut'),
(30140, 1094, 17014, 21953, 'gut'),
(30223, 1345, 16382, 20468, 'gut'),
(30245, 1246, 28907, 27332, 'gut'),
(30342, 1337, 26406, 26509, 'gut'),
(30375, 1205, 19904, 22353, 'gut'),
(30383, 1246, 25073, 25915, 'gut'),
(30431, 1144, 21407, 15089, 'gut'),
(30501, 1223, 25340, 29086, 'gut'),
(30506, 1384, 27306, 18991, 'gut'),
(30518, 1243, 11248, 21949, 'gut'),
(30522, 1180, 14159, 21051, 'gut'),
(30531, 1309, 17157, 25416, 'gut'),
(30540, 1180, 12580, 29276, 'gut'),
(30542, 1384, 27078, 10654, 'gut'),
(30577, 1094, 17014, 19959, 'gut'),
(30588, 1220, 26493, 22285, 'gut'),
(30603, 1345, 20808, 20053, 'gut'),
(30605, 1220, 14199, 16701, 'gut'),
(30615, 1082, 14846, 24765, 'gut'),
(30651, 1384, 10730, 11583, 'gut'),
(30653, 1246, 22993, 19954, 'gut'),
(30720, 1195, 11287, 12653, 'gut'),
(30727, 1195, 14808, 12488, 'gut'),
(30753, 1345, 27520, 19291, 'gut'),
(30757, 1296, 27186, 19997, 'gut'),
(30825, 1082, 13946, 24908, 'gut'),
(30835, 1309, 23074, 27543, 'gut'),
(30940, 1316, 25376, 25332, 'gut'),
(30941, 1049, 20349, 23201, 'gut'),
(30955, 1337, 25127, 20441, 'gut'),
(30965, 1246, 13216, 12819, 'gut'),
(30973, 1384, 10468, 16733, 'gut'),
(30975, 1189, 23296, 16674, 'gut'),
(30996, 1316, 14001, 24149, 'gut'),
(31036, 1296, 26894, 28668, 'gut'),
(31067, 1144, 19990, 28857, 'gut'),
(31156, 1274, 28847, 18618, 'gut'),
(31175, 1384, 27638, 28372, 'gut'),
(31180, 1195, 29034, 24121, 'gut'),
(31192, 1246, 14018, 13759, 'gut'),
(31206, 1205, 10507, 28838, 'gut'),
(31240, 1195, 25019, 17994, 'gut'),
(31308, 1296, 20507, 13628, 'gut'),
(31385, 1337, 28527, 22380, 'gut'),
(31387, 1195, 21672, 25019, 'gut'),
(31490, 1246, 23377, 12819, 'gut'),
(31503, 1246, 12066, 19954, 'gut'),
(31623, 1189, 25205, 11550, 'gut'),
(31629, 1189, 26087, 28256, 'gut'),
(31655, 1243, 15673, 22031, 'gut'),
(31697, 1379, 22228, 23471, 'gut'),
(31718, 1082, 10888, 18760, 'gut'),
(31754, 1049, 26229, 24902, 'gut'),
(31760, 1223, 23008, 15011, 'gut'),
(31770, 1082, 24620, 18760, 'gut'),
(31782, 1049, 25280, 27440, 'gut'),
(31796, 1345, 14037, 27520, 'gut'),
(31847, 1296, 18913, 27948, 'gut'),
(31860, 1223, 16306, 22826, 'gut'),
(31894, 1345, 15428, 27768, 'gut'),
(31924, 1189, 24366, 10749, 'gut'),
(31972, 1205, 26582, 27285, 'gut'),
(31978, 1337, 20092, 27467, 'gut'),
(32004, 1205, 20701, 20027, 'gut'),
(32017, 1315, 19801, 16285, 'gut'),
(32038, 1195, 12798, 27572, 'gut'),
(32062, 1205, 22310, 28737, 'gut'),
(32089, 1049, 24902, 26170, 'gut'),
(32090, 1345, 18715, 18254, 'gut'),
(32150, 1309, 12421, 23074, 'gut'),
(32154, 1220, 22285, 17559, 'gut'),
(32196, 1384, 10195, 24480, 'gut'),
(32198, 1315, 24850, 11435, 'gut'),
(32216, 1274, 28847, 26853, 'gut'),
(32276, 1195, 12798, 28886, 'gut'),
(32291, 1082, 24765, 12853, 'gut'),
(32307, 1274, 26577, 24882, 'gut'),
(32353, 1094, 17014, 24419, 'gut'),
(32373, 1345, 23933, 15953, 'gut'),
(32374, 1220, 15062, 22285, 'gut'),
(32400, 1049, 18380, 24828, 'gut'),
(32480, 1144, 11225, 21208, 'gut'),
(32554, 1223, 28586, 16958, 'gut'),
(32556, 1205, 20701, 15182, 'gut'),
(32637, 1309, 10435, 10364, 'gut'),
(32672, 1246, 19954, 20167, 'gut'),
(32680, 1220, 26493, 22608, 'gut'),
(32704, 1144, 25498, 26594, 'gut'),
(32734, 1094, 17350, 24419, 'gut'),
(32754, 1379, 16567, 10938, 'gut'),
(32766, 1049, 13570, 24843, 'gut'),
(32810, 1309, 19531, 16024, 'gut'),
(32823, 1243, 20388, 15312, 'gut'),
(32864, 1195, 23987, 29034, 'gut'),
(32937, 1298, 28869, 27950, 'gut'),
(32939, 1316, 20102, 25453, 'gut'),
(32945, 1379, 22788, 16303, 'gut'),
(32961, 1094, 21370, 18281, 'gut'),
(32963, 1298, 10798, 14281, 'gut'),
(33031, 1223, 23633, 14755, 'gut'),
(33037, 1296, 28668, 27231, 'gut'),
(33044, 1243, 26729, 23571, 'gut'),
(33075, 1316, 24149, 23373, 'gut'),
(33150, 1243, 25772, 13038, 'gut'),
(33178, 1384, 20070, 10257, 'gut'),
(33191, 1049, 16232, 25595, 'gut'),
(33204, 1189, 14794, 25767, 'gut'),
(33242, 1337, 13142, 28527, 'gut'),
(33263, 1180, 27686, 20090, 'gut'),
(33307, 1195, 25715, 12502, 'gut'),
(33313, 1195, 27496, 20280, 'gut'),
(33364, 1315, 28955, 16442, 'gut'),
(33468, 1379, 19832, 20210, 'gut'),
(33470, 1274, 19992, 16455, 'gut'),
(33521, 1246, 25662, 15181, 'gut'),
(33530, 1082, 27201, 10457, 'gut'),
(33563, 1205, 29012, 27386, 'gut'),
(33599, 1309, 21454, 18887, 'gut'),
(33610, 1296, 13472, 27186, 'gut'),
(33655, 1246, 26000, 14529, 'gut'),
(33656, 1309, 27751, 13932, 'gut'),
(33701, 1195, 16551, 21672, 'gut'),
(33717, 1189, 15157, 18520, 'gut'),
(33874, 1189, 20045, 18971, 'gut'),
(33900, 1049, 24952, 23201, 'gut'),
(34020, 1274, 10139, 13393, 'gut'),
(34028, 1180, 10831, 22518, 'gut'),
(34057, 1379, 28877, 18489, 'gut'),
(34066, 1205, 24128, 19933, 'gut'),
(34069, 1298, 23322, 16520, 'gut'),
(34076, 1189, 28808, 16637, 'gut'),
(34179, 1316, 14571, 24741, 'gut'),
(34188, 1094, 12684, 10270, 'gut'),
(34243, 1195, 16925, 29200, 'gut'),
(34263, 1094, 23252, 18281, 'gut'),
(34275, 1337, 14938, 20441, 'gut'),
(34286, 1243, 23571, 10686, 'gut'),
(34296, 1246, 13009, 24176, 'gut'),
(34309, 1345, 14318, 12436, 'gut'),
(34317, 1189, 15980, 13107, 'gut'),
(34324, 1296, 23258, 27231, 'gut'),
(34346, 1315, 25071, 21558, 'gut'),
(34408, 1205, 27285, 23083, 'gut'),
(34444, 1243, 22875, 25374, 'gut'),
(34463, 1316, 25332, 22681, 'gut'),
(34473, 1246, 17768, 13009, 'gut'),
(34492, 1243, 26864, 14490, 'gut'),
(34529, 1243, 27404, 15312, 'gut'),
(34530, 1379, 17561, 18095, 'gut'),
(34539, 1189, 18520, 12226, 'gut'),
(34566, 1315, 27767, 19046, 'gut'),
(34614, 1379, 28877, 18113, 'gut'),
(34648, 1195, 20652, 26925, 'gut'),
(34703, 1316, 24149, 23824, 'gut'),
(34721, 1195, 12488, 29177, 'gut'),
(34821, 1316, 23964, 17658, 'gut'),
(34836, 1180, 12981, 15253, 'gut'),
(34837, 1189, 28259, 17283, 'gut'),
(34866, 1316, 12180, 13943, 'gut'),
(34869, 1337, 13142, 19712, 'gut'),
(34891, 1220, 22285, 14676, 'gut'),
(34923, 1195, 24663, 12798, 'gut'),
(34933, 1223, 18285, 23663, 'gut'),
(34937, 1345, 23933, 12436, 'gut'),
(34955, 1082, 21742, 17865, 'gut'),
(34959, 1296, 27948, 17619, 'gut'),
(35000, 1094, 25228, 21317, 'gut'),
(35003, 1384, 18941, 27306, 'gut'),
(35068, 1315, 20171, 19379, 'gut'),
(35084, 1144, 11020, 24143, 'gut'),
(35104, 1094, 21638, 17492, 'gut'),
(35119, 1315, 14567, 26991, 'gut'),
(35121, 1094, 15090, 13486, 'gut'),
(35141, 1274, 24882, 28278, 'gut'),
(35176, 1337, 18313, 10224, 'gut'),
(35207, 1298, 14587, 22173, 'gut'),
(35212, 1379, 27156, 18603, 'gut'),
(35219, 1345, 16382, 27526, 'gut'),
(35279, 1337, 27204, 14075, 'gut'),
(35360, 1384, 13207, 11153, 'gut'),
(35370, 1384, 11153, 21383, 'gut'),
(35384, 1274, 17988, 16039, 'gut'),
(35422, 1243, 27404, 25772, 'gut'),
(35425, 1243, 17027, 26864, 'gut'),
(35426, 1144, 27764, 19141, 'gut'),
(35450, 1345, 19113, 24604, 'gut'),
(35456, 1205, 23083, 28242, 'gut'),
(35498, 1337, 12929, 22467, 'gut'),
(35507, 1144, 16007, 14666, 'gut'),
(35509, 1205, 28949, 23164, 'gut'),
(35546, 1189, 12743, 18971, 'gut'),
(35560, 1094, 15896, 21286, 'gut'),
(35584, 1243, 17378, 27404, 'gut'),
(35599, 1246, 15010, 16790, 'gut'),
(35643, 1274, 12385, 17579, 'gut'),
(35650, 1384, 12889, 18291, 'gut'),
(35683, 1246, 12114, 16790, 'gut'),
(35712, 1337, 22467, 28305, 'gut'),
(35719, 1384, 12889, 11583, 'gut'),
(35822, 1220, 11294, 22608, 'gut'),
(35833, 1082, 11349, 27279, 'gut'),
(35838, 1195, 21672, 16632, 'gut'),
(35841, 1094, 18177, 28178, 'gut'),
(35867, 1379, 18305, 18837, 'gut'),
(35880, 1180, 15253, 10831, 'gut'),
(35883, 1243, 25772, 20668, 'gut'),
(35891, 1243, 12490, 22875, 'gut'),
(35897, 1195, 20652, 28818, 'gut'),
(35929, 1345, 12877, 20468, 'gut'),
(35950, 1315, 24693, 17999, 'gut'),
(35970, 1223, 13338, 20626, 'gut'),
(35985, 1220, 26493, 23389, 'gut'),
(36011, 1205, 19904, 26582, 'gut'),
(36015, 1274, 15717, 15625, 'gut'),
(36019, 1223, 15978, 21714, 'gut'),
(36024, 1195, 24663, 12519, 'gut'),
(36058, 1189, 15367, 24703, 'gut'),
(36059, 1379, 20210, 17269, 'gut'),
(36088, 1246, 19889, 13009, 'gut'),
(36089, 1337, 26852, 23220, 'gut'),
(36106, 1298, 24268, 11466, 'gut'),
(36121, 1082, 25680, 24286, 'gut'),
(36130, 1094, 16913, 24710, 'gut'),
(36131, 1384, 18991, 18778, 'gut'),
(36137, 1246, 28642, 21928, 'gut'),
(36148, 1220, 14604, 13414, 'gut'),
(36149, 1220, 21253, 11997, 'gut'),
(36167, 1243, 28925, 27404, 'gut'),
(36187, 1220, 25998, 14494, 'gut'),
(36198, 1296, 28668, 23258, 'gut'),
(36199, 1246, 13009, 14280, 'gut'),
(36223, 1384, 14440, 15761, 'gut'),
(36240, 1223, 21714, 25834, 'gut'),
(36258, 1309, 16846, 17397, 'gut'),
(36292, 1082, 10457, 24286, 'gut'),
(36350, 1243, 19315, 23571, 'gut'),
(36421, 1298, 11466, 20060, 'gut'),
(36442, 1189, 14794, 16396, 'gut'),
(36445, 1094, 17492, 25228, 'gut'),
(36454, 1220, 21180, 14676, 'gut'),
(36461, 1316, 23373, 27021, 'gut'),
(36473, 1243, 15752, 21273, 'gut'),
(36480, 1296, 13628, 26364, 'gut'),
(36534, 1189, 13107, 26087, 'gut'),
(36560, 1246, 20167, 15010, 'gut'),
(36578, 1180, 19356, 11077, 'gut'),
(36591, 1189, 23943, 28018, 'gut'),
(36593, 1274, 21619, 27115, 'gut'),
(36644, 1049, 22319, 18380, 'gut'),
(36648, 1345, 10372, 21423, 'gut'),
(36722, 1298, 23281, 11062, 'gut'),
(36737, 1243, 14490, 13001, 'gut'),
(36759, 1094, 28328, 12684, 'gut'),
(36790, 1205, 23144, 15413, 'gut'),
(36801, 1384, 27078, 16733, 'gut'),
(36835, 1049, 27440, 14947, 'gut'),
(36845, 1223, 20972, 29086, 'gut'),
(36908, 1296, 14352, 16204, 'gut'),
(36936, 1274, 24882, 26499, 'gut'),
(36939, 1379, 27830, 17269, 'gut'),
(36940, 1189, 26222, 11309, 'gut'),
(37002, 1309, 11443, 16781, 'gut'),
(37039, 1296, 22635, 26894, 'gut'),
(37113, 1296, 20507, 26958, 'gut'),
(37116, 1309, 19550, 23986, 'gut'),
(37118, 1315, 21722, 17247, 'gut'),
(37133, 1384, 21922, 24480, 'gut'),
(37149, 1309, 13932, 15703, 'gut'),
(37155, 1296, 23437, 13215, 'gut'),
(37162, 1246, 13759, 13216, 'gut'),
(37221, 1223, 28199, 23143, 'gut'),
(37261, 1345, 18205, 18715, 'gut'),
(37267, 1094, 21370, 23252, 'gut'),
(37290, 1345, 20549, 12877, 'gut'),
(37294, 1220, 29049, 13853, 'gut'),
(37354, 1384, 28372, 10257, 'gut'),
(37362, 1296, 11061, 23311, 'gut'),
(37368, 1296, 23258, 13215, 'gut'),
(37378, 1274, 19184, 12254, 'gut'),
(37379, 1189, 17513, 15404, 'gut'),
(37381, 1243, 28585, 20043, 'gut'),
(37386, 1094, 25211, 10332, 'gut'),
(37421, 1296, 26958, 28828, 'gut'),
(37422, 1049, 24821, 15887, 'gut'),
(37448, 1049, 24546, 27440, 'gut'),
(37456, 1189, 27495, 13107, 'gut'),
(37511, 1082, 19199, 29076, 'gut'),
(37529, 1205, 12047, 20701, 'gut'),
(37549, 1220, 21253, 17574, 'gut'),
(37563, 1223, 22365, 22274, 'gut'),
(37581, 1296, 26364, 25041, 'gut'),
(37593, 1049, 24843, 20349, 'gut'),
(37611, 1296, 13215, 17619, 'gut'),
(37687, 1316, 25453, 23740, 'gut'),
(37699, 1296, 24194, 10554, 'gut'),
(37709, 1205, 10507, 27853, 'gut'),
(37716, 1180, 11013, 10383, 'gut'),
(37718, 1180, 19925, 14772, 'gut'),
(37723, 1384, 11584, 20070, 'gut'),
(37760, 1379, 10555, 17269, 'gut'),
(37784, 1144, 25498, 25964, 'gut'),
(37811, 1094, 12684, 16913, 'gut'),
(37955, 1298, 16579, 17192, 'gut'),
(37962, 1309, 12211, 16846, 'gut'),
(38003, 1144, 17150, 19990, 'gut'),
(38008, 1220, 22285, 25893, 'gut'),
(38044, 1246, 20167, 25073, 'gut'),
(38048, 1384, 24480, 21383, 'gut'),
(38099, 1205, 26582, 15182, 'gut'),
(38109, 1316, 14001, 12304, 'gut'),
(38119, 1189, 22288, 12226, 'gut'),
(38130, 1205, 28737, 17664, 'gut'),
(38146, 1274, 28690, 23020, 'gut'),
(38160, 1296, 20507, 28089, 'gut'),
(38245, 1082, 15566, 25655, 'gut'),
(38254, 1345, 18210, 14318, 'gut'),
(38283, 1223, 24227, 20626, 'gut'),
(38351, 1315, 20734, 27711, 'gut'),
(38375, 1337, 26406, 15245, 'gut'),
(38419, 1189, 24703, 22288, 'gut'),
(38423, 1205, 12868, 17664, 'gut'),
(38448, 1246, 15985, 23867, 'gut'),
(38515, 1246, 21343, 20167, 'gut'),
(38516, 1345, 15564, 16072, 'gut'),
(38527, 1316, 20343, 11709, 'gut'),
(38594, 1246, 13009, 16790, 'gut'),
(38602, 1274, 11842, 16039, 'gut'),
(38605, 1337, 12929, 18313, 'gut'),
(38645, 1094, 21286, 24419, 'gut'),
(38646, 1144, 19258, 10530, 'gut'),
(38669, 1195, 24663, 20280, 'gut'),
(38732, 1189, 22983, 17819, 'gut'),
(38752, 1180, 14819, 21051, 'gut'),
(38772, 1298, 24268, 16520, 'gut'),
(38788, 1243, 22031, 15752, 'gut'),
(38838, 1298, 24360, 23961, 'gut'),
(38851, 1049, 23201, 13579, 'gut'),
(38858, 1049, 24260, 13321, 'gut'),
(38865, 1223, 20558, 12879, 'gut'),
(38954, 1337, 16835, 24562, 'gut'),
(38978, 1205, 14453, 10507, 'gut'),
(38997, 1316, 23824, 11709, 'gut'),
(39020, 1384, 10195, 12889, 'gut'),
(39025, 1082, 27192, 25680, 'gut'),
(39084, 1189, 14804, 14794, 'gut'),
(39135, 1144, 24762, 24162, 'gut'),
(39169, 1316, 28782, 24629, 'gut'),
(39180, 1243, 19569, 28181, 'gut'),
(39456, 1049, 28671, 24795, 'gut'),
(39485, 1345, 15131, 16382, 'gut'),
(39489, 1316, 22681, 18790, 'gut'),
(39510, 1195, 14808, 11287, 'gut'),
(39515, 1384, 17789, 16733, 'gut'),
(39516, 1298, 12131, 28153, 'gut'),
(39518, 1337, 22618, 20718, 'gut'),
(39521, 1144, 23150, 21208, 'gut'),
(39531, 1384, 28372, 12889, 'gut'),
(39565, 1296, 22579, 23568, 'gut'),
(39568, 1220, 11326, 24205, 'gut'),
(39603, 1220, 15728, 19091, 'gut'),
(39617, 1337, 24562, 27609, 'gut'),
(39645, 1223, 15011, 20558, 'gut'),
(39650, 1316, 16900, 17105, 'gut'),
(39686, 1315, 21045, 20734, 'gut'),
(39708, 1296, 27653, 16204, 'gut'),
(39735, 1243, 17249, 20388, 'gut'),
(39764, 1315, 20171, 28589, 'gut'),
(39778, 1246, 16856, 20821, 'gut'),
(39829, 1243, 25772, 23328, 'gut'),
(39887, 1296, 16883, 17244, 'gut'),
(39981, 1298, 26115, 28777, 'gut'),
(39988, 1316, 28115, 13123, 'gut'),
(39995, 1220, 23068, 25855, 'gut'),
(40122, 1315, 27855, 23080, 'gut'),
(40125, 1243, 20388, 26558, 'gut'),
(40142, 1082, 10888, 20556, 'gut'),
(40168, 1384, 24157, 19149, 'gut'),
(40194, 1309, 19926, 16224, 'gut'),
(40208, 1296, 16883, 10893, 'gut'),
(40260, 1298, 11332, 21477, 'gut'),
(40271, 1144, 21208, 29099, 'gut'),
(40272, 1049, 21824, 18144, 'gut'),
(40349, 1315, 21722, 25171, 'gut'),
(40354, 1316, 25309, 25453, 'gut'),
(40412, 1180, 19835, 28681, 'gut'),
(40421, 1345, 15428, 10372, 'gut'),
(40435, 1049, 13570, 13321, 'gut'),
(40526, 1243, 20668, 10686, 'gut'),
(40552, 1223, 20972, 16958, 'gut'),
(40566, 1189, 26970, 14794, 'gut'),
(40606, 1316, 20751, 19814, 'gut'),
(40637, 1195, 25864, 20280, 'gut'),
(40648, 1082, 19199, 13924, 'gut'),
(40665, 1315, 12865, 28955, 'gut'),
(40756, 1180, 29276, 19925, 'gut'),
(40765, 1220, 14494, 18073, 'gut'),
(40770, 1144, 19258, 15089, 'gut'),
(40773, 1316, 23246, 23740, 'gut'),
(40805, 1195, 27572, 24676, 'gut'),
(40838, 1384, 11271, 18508, 'gut'),
(40839, 1274, 18719, 11880, 'gut'),
(40845, 1274, 15682, 18446, 'gut'),
(40874, 1309, 26595, 25416, 'gut'),
(40900, 1296, 28828, 25041, 'gut'),
(40949, 1296, 28089, 28828, 'gut'),
(41045, 1180, 11300, 11077, 'gut'),
(41074, 1243, 28181, 20755, 'gut'),
(41082, 1180, 17678, 29258, 'gut'),
(41132, 1345, 12707, 24604, 'gut'),
(41133, 1246, 19954, 23634, 'gut'),
(41195, 1384, 27078, 24157, 'gut'),
(41208, 1144, 16007, 25594, 'gut'),
(41227, 1205, 14453, 21331, 'gut'),
(41263, 1309, 16149, 17157, 'gut'),
(41276, 1049, 19666, 11855, 'gut'),
(41277, 1243, 28585, 17027, 'gut'),
(41278, 1144, 25498, 15216, 'gut'),
(41292, 1223, 10354, 22826, 'gut'),
(41298, 1189, 24318, 23296, 'gut'),
(41355, 1316, 13123, 12180, 'gut'),
(41384, 1243, 20388, 10686, 'gut'),
(41387, 1094, 10682, 27071, 'gut'),
(41478, 1220, 14494, 19468, 'gut'),
(41520, 1316, 24629, 23824, 'gut'),
(41524, 1195, 15370, 20652, 'gut'),
(41573, 1379, 28577, 24910, 'gut'),
(41678, 1384, 20252, 10730, 'gut'),
(41679, 1180, 29276, 12007, 'gut'),
(41685, 1345, 15953, 15610, 'gut'),
(41740, 1298, 12984, 10798, 'gut'),
(41750, 1315, 19046, 20067, 'gut'),
(41763, 1379, 26186, 27627, 'gut'),
(41773, 1180, 23298, 29151, 'gut'),
(41782, 1316, 17375, 19415, 'gut'),
(41802, 1246, 15010, 22207, 'gut'),
(41810, 1082, 14846, 25680, 'gut'),
(41846, 1189, 24703, 18520, 'gut'),
(41890, 1144, 28967, 11225, 'gut'),
(41920, 1309, 10364, 17849, 'gut'),
(41928, 1180, 12981, 11013, 'gut'),
(41967, 1195, 25715, 12519, 'gut'),
(42032, 1309, 13932, 12421, 'gut'),
(42053, 1274, 24219, 17232, 'gut'),
(42065, 1337, 10282, 27537, 'gut'),
(42067, 1189, 23538, 11309, 'gut'),
(42071, 1309, 15703, 11491, 'gut'),
(42076, 1049, 22236, 11152, 'gut'),
(42086, 1180, 15253, 15833, 'gut'),
(42103, 1220, 13853, 15556, 'gut'),
(42143, 1094, 21939, 17492, 'gut'),
(42151, 1205, 19904, 28838, 'gut'),
(42158, 1315, 28249, 14323, 'gut'),
(42176, 1345, 18819, 19291, 'gut'),
(42243, 1094, 16913, 28477, 'gut'),
(42250, 1309, 10569, 21769, 'gut'),
(42258, 1205, 19592, 22353, 'gut'),
(42264, 1243, 20668, 20755, 'gut'),
(42272, 1316, 25376, 17105, 'gut'),
(42309, 1274, 21619, 15682, 'gut'),
(42317, 1144, 14688, 28967, 'gut'),
(42337, 1243, 19569, 12490, 'gut'),
(42338, 1384, 20252, 11584, 'gut'),
(42343, 1144, 25594, 20984, 'gut'),
(42410, 1298, 15424, 14335, 'gut'),
(42412, 1345, 15428, 23933, 'gut'),
(42414, 1205, 15929, 12868, 'gut'),
(42513, 1274, 14205, 10961, 'gut'),
(42515, 1180, 10455, 15253, 'gut'),
(42523, 1274, 13393, 28278, 'gut'),
(42533, 1274, 26577, 15717, 'gut'),
(42606, 1298, 12984, 13559, 'gut'),
(42610, 1205, 17664, 28242, 'gut'),
(42630, 1337, 26406, 22618, 'gut'),
(42652, 1094, 27071, 17350, 'gut'),
(42654, 1316, 17310, 23740, 'gut'),
(42679, 1316, 15889, 23729, 'gut'),
(42682, 1298, 14587, 28869, 'gut'),
(42729, 1220, 19395, 14800, 'gut'),
(42740, 1296, 28089, 27653, 'gut'),
(42840, 1189, 10749, 16637, 'gut'),
(42881, 1384, 28372, 14088, 'gut'),
(42883, 1298, 24658, 14334, 'gut'),
(42902, 1296, 28290, 16721, 'gut'),
(42916, 1309, 16846, 10019, 'gut'),
(42920, 1243, 28585, 22031, 'gut'),
(42967, 1384, 10257, 18508, 'gut'),
(42982, 1094, 21317, 18177, 'gut'),
(42995, 1379, 18837, 28877, 'gut'),
(43017, 1309, 10892, 16149, 'gut'),
(43048, 1384, 20070, 18941, 'gut'),
(43111, 1246, 15181, 28642, 'gut'),
(43139, 1315, 14062, 26850, 'gut'),
(43163, 1296, 27524, 13849, 'gut'),
(43172, 1094, 19959, 19473, 'gut'),
(43177, 1195, 28240, 14752, 'gut'),
(43221, 1220, 21388, 11997, 'gut'),
(43231, 1049, 24843, 24952, 'gut'),
(43238, 1195, 26925, 21672, 'gut'),
(43240, 1337, 10282, 24562, 'gut'),
(43267, 1195, 26884, 14808, 'gut'),
(43271, 1246, 27332, 28008, 'gut'),
(43273, 1298, 15424, 23322, 'gut'),
(43314, 1195, 20169, 16199, 'gut'),
(43317, 1296, 23568, 13472, 'gut'),
(43318, 1296, 18913, 22635, 'gut'),
(43339, 1315, 28589, 13653, 'gut'),
(43344, 1220, 21243, 29093, 'gut'),
(43381, 1243, 17272, 19315, 'gut'),
(43421, 1049, 13321, 24546, 'gut'),
(43475, 1220, 19468, 21159, 'gut'),
(43520, 1337, 10802, 26406, 'gut'),
(43545, 1243, 10686, 10107, 'gut'),
(43652, 1189, 15024, 22983, 'gut'),
(43664, 1223, 28199, 15048, 'gut'),
(43707, 1384, 13207, 18778, 'gut'),
(43735, 1223, 23663, 25340, 'gut'),
(43742, 1337, 25072, 10282, 'gut'),
(43745, 1309, 13932, 28023, 'gut'),
(43748, 1223, 18517, 16306, 'gut'),
(43891, 1384, 15761, 22551, 'gut'),
(43927, 1337, 25127, 28820, 'gut'),
(43997, 1049, 24795, 16485, 'gut'),
(44004, 1345, 10372, 16072, 'gut'),
(44012, 1345, 18819, 27520, 'gut'),
(44017, 1220, 25722, 22608, 'gut'),
(44018, 1379, 28763, 22788, 'gut'),
(44019, 1379, 21249, 27439, 'gut'),
(44035, 1180, 28681, 28983, 'gut'),
(44044, 1315, 16126, 19046, 'gut'),
(44048, 1144, 15089, 19479, 'gut'),
(44076, 1345, 15564, 13756, 'gut'),
(44095, 1246, 22207, 27097, 'gut'),
(44098, 1223, 20626, 16958, 'gut'),
(44113, 1180, 25192, 12598, 'gut'),
(44149, 1189, 22610, 22288, 'gut'),
(44173, 1337, 27204, 10802, 'gut'),
(44191, 1379, 20187, 27830, 'gut'),
(44233, 1144, 25964, 19990, 'gut'),
(44258, 1195, 12653, 17398, 'gut'),
(44316, 1315, 27633, 20067, 'gut'),
(44367, 1309, 12459, 15703, 'gut'),
(44419, 1144, 22109, 24762, 'gut'),
(44463, 1144, 24785, 10271, 'gut'),
(44488, 1082, 18760, 14952, 'gut'),
(44562, 1220, 13414, 19468, 'gut'),
(44565, 1379, 27272, 20621, 'gut'),
(44566, 1243, 14490, 17249, 'gut'),
(44570, 1243, 11954, 18845, 'gut'),
(44587, 1379, 27439, 29294, 'gut'),
(44592, 1180, 27686, 11300, 'gut'),
(44594, 1309, 23896, 27543, 'gut'),
(44607, 1180, 20644, 14819, 'gut'),
(44630, 1180, 25848, 24319, 'gut'),
(44659, 1315, 14567, 13443, 'gut'),
(44706, 1379, 19919, 19883, 'gut'),
(44707, 1298, 24151, 14334, 'gut'),
(44719, 1296, 18913, 27524, 'gut'),
(44730, 1316, 17105, 14001, 'gut'),
(44745, 1220, 26493, 15062, 'gut'),
(44759, 1315, 23476, 24850, 'gut'),
(44785, 1094, 28477, 10270, 'gut'),
(44837, 1246, 12066, 14018, 'gut'),
(44911, 1379, 21249, 22425, 'gut'),
(44924, 1384, 14440, 18739, 'gut'),
(44956, 1195, 17994, 29200, 'gut'),
(45037, 1243, 19315, 20898, 'gut'),
(45060, 1246, 16790, 10872, 'gut'),
(45067, 1189, 17781, 18520, 'gut'),
(45084, 1379, 20187, 22788, 'gut'),
(45173, 1298, 22356, 21477, 'gut'),
(45210, 1315, 19801, 24850, 'gut'),
(45257, 1274, 26427, 17232, 'gut'),
(45263, 1189, 17819, 15367, 'gut'),
(45270, 1082, 14004, 25655, 'gut'),
(45278, 1316, 23964, 14571, 'gut'),
(45284, 1049, 26170, 13579, 'gut'),
(45339, 1315, 22002, 27711, 'gut'),
(45340, 1316, 17658, 20102, 'gut'),
(45398, 1296, 16883, 23258, 'gut'),
(45454, 1345, 20549, 10372, 'gut'),
(45485, 1309, 27751, 15703, 'gut'),
(45497, 1315, 27894, 23080, 'gut'),
(45518, 1316, 24588, 22681, 'gut'),
(45595, 1316, 24149, 13383, 'gut'),
(45605, 1246, 20821, 22076, 'gut'),
(45621, 1246, 10872, 16856, 'gut'),
(45634, 1205, 19054, 17664, 'gut'),
(45637, 1315, 19801, 16126, 'gut'),
(45666, 1243, 18859, 11248, 'gut'),
(45682, 1205, 26582, 29012, 'gut'),
(45726, 1379, 23539, 18113, 'gut'),
(45729, 1082, 25918, 19780, 'gut'),
(45743, 1205, 14453, 29012, 'gut'),
(45767, 1384, 22551, 27911, 'gut'),
(45787, 1144, 22109, 27873, 'gut'),
(45801, 1379, 10555, 27156, 'gut'),
(45808, 1205, 14219, 19592, 'gut'),
(45842, 1144, 26547, 10271, 'gut'),
(45846, 1205, 14453, 28949, 'gut'),
(45875, 1384, 18778, 11153, 'gut'),
(45879, 1337, 10311, 28305, 'gut'),
(45886, 1384, 24797, 21383, 'gut'),
(45889, 1274, 22122, 17232, 'gut'),
(45923, 1337, 26406, 22467, 'gut'),
(45961, 1195, 11671, 14752, 'gut'),
(45967, 1082, 16494, 10956, 'gut'),
(45992, 1082, 27811, 19610, 'gut'),
(46018, 1049, 11855, 20349, 'gut'),
(46026, 1049, 20003, 24546, 'gut'),
(46036, 1094, 19959, 21286, 'gut'),
(46134, 1189, 26087, 26222, 'gut'),
(46137, 1379, 18837, 26896, 'gut'),
(46212, 1144, 10614, 11225, 'gut'),
(46214, 1082, 24286, 21742, 'gut'),
(46220, 1189, 23067, 17513, 'gut'),
(46269, 1384, 10195, 18778, 'gut'),
(46272, 1205, 29012, 11788, 'gut'),
(46275, 1309, 12451, 23412, 'gut'),
(46279, 1379, 27627, 28763, 'gut'),
(46288, 1180, 20822, 25192, 'gut'),
(46292, 1274, 19184, 17579, 'gut');
INSERT INTO `node_edges_false` (`index`, `chapter`, `parent_id`, `child_id`, `teaser`) VALUES
(46356, 1316, 22877, 17375, 'gut'),
(46368, 1082, 19199, 13946, 'gut'),
(46377, 1082, 27201, 25680, 'gut'),
(46378, 1337, 18313, 20092, 'gut'),
(46394, 1316, 19814, 23373, 'gut'),
(46412, 1094, 17492, 15570, 'gut'),
(46420, 1316, 17310, 28115, 'gut'),
(46423, 1384, 18262, 10654, 'gut'),
(46447, 1315, 14567, 22168, 'gut'),
(46472, 1144, 10271, 15216, 'gut'),
(46492, 1298, 20060, 11022, 'gut'),
(46513, 1094, 26680, 18177, 'gut'),
(46562, 1298, 11062, 23961, 'gut'),
(46594, 1180, 19835, 28983, 'gut'),
(46595, 1337, 20718, 11603, 'gut'),
(46600, 1144, 21407, 19258, 'gut'),
(46603, 1082, 22000, 18760, 'gut'),
(46629, 1189, 28808, 28018, 'gut'),
(46641, 1195, 12502, 24676, 'gut'),
(46664, 1220, 13102, 23068, 'gut'),
(46674, 1144, 24762, 23547, 'gut'),
(46697, 1243, 24930, 20898, 'gut'),
(46718, 1189, 11550, 28018, 'gut'),
(46783, 1180, 20090, 28681, 'gut'),
(46822, 1246, 20167, 27332, 'gut'),
(46845, 1220, 13414, 25722, 'gut'),
(46867, 1316, 21962, 12180, 'gut'),
(46906, 1094, 27071, 10270, 'gut'),
(46944, 1094, 28328, 21286, 'gut'),
(46961, 1205, 13907, 26975, 'gut'),
(47035, 1223, 21714, 22365, 'gut'),
(47037, 1082, 25281, 22174, 'gut'),
(47040, 1144, 11225, 19990, 'gut'),
(47052, 1189, 24366, 25205, 'gut'),
(47073, 1205, 26975, 28838, 'gut'),
(47090, 1049, 13321, 20997, 'gut'),
(47130, 1223, 25856, 20558, 'gut'),
(47138, 1246, 12066, 17768, 'gut'),
(47142, 1296, 11783, 25832, 'gut'),
(47158, 1379, 20187, 18603, 'gut'),
(47168, 1223, 20972, 23008, 'gut'),
(47183, 1180, 20822, 12981, 'gut'),
(47186, 1049, 13570, 17984, 'gut'),
(47224, 1309, 21140, 23412, 'gut'),
(47255, 1049, 22236, 25698, 'gut'),
(47265, 1223, 18285, 14755, 'gut'),
(47295, 1144, 14688, 23547, 'gut'),
(47310, 1246, 16786, 15273, 'gut'),
(47312, 1298, 19048, 25588, 'gut'),
(47326, 1049, 13579, 19898, 'gut'),
(47342, 1243, 18244, 13001, 'gut'),
(47366, 1189, 12743, 11550, 'gut'),
(47381, 1094, 23252, 15570, 'gut'),
(47391, 1315, 28955, 21045, 'gut'),
(47392, 1049, 14947, 15887, 'gut'),
(47407, 1180, 10985, 23222, 'gut'),
(47414, 1309, 16149, 16781, 'gut'),
(47416, 1082, 19081, 16494, 'gut'),
(47450, 1384, 15761, 18291, 'gut'),
(47511, 1384, 24480, 12889, 'gut'),
(47512, 1195, 26925, 13377, 'gut'),
(47514, 1205, 29012, 18669, 'gut'),
(47531, 1296, 18769, 16204, 'gut'),
(47583, 1316, 17105, 22877, 'gut'),
(47598, 1384, 18291, 14088, 'gut'),
(47600, 1243, 17378, 11954, 'gut'),
(47629, 1379, 20187, 13819, 'gut'),
(47669, 1094, 21370, 24710, 'gut'),
(47677, 1316, 22877, 12469, 'gut'),
(47691, 1315, 21045, 23476, 'gut'),
(47725, 1345, 17593, 27655, 'gut'),
(47763, 1144, 21407, 19479, 'gut'),
(47795, 1379, 14803, 20187, 'gut'),
(47804, 1094, 27927, 16160, 'gut'),
(47805, 1220, 15062, 21180, 'gut'),
(47807, 1316, 13383, 23373, 'gut'),
(47849, 1082, 19199, 24286, 'gut'),
(47888, 1384, 10468, 18739, 'gut'),
(47912, 1315, 28249, 19011, 'gut'),
(47962, 1274, 19555, 16455, 'gut'),
(47984, 1296, 13472, 28828, 'gut'),
(47991, 1180, 22518, 10371, 'gut'),
(48011, 1384, 17789, 10257, 'gut'),
(48033, 1049, 11855, 24546, 'gut'),
(48043, 1243, 28181, 18244, 'gut'),
(48054, 1189, 29087, 14804, 'gut'),
(48124, 1195, 15370, 27572, 'gut'),
(48133, 1220, 14800, 25893, 'gut'),
(48136, 1189, 11309, 14794, 'gut'),
(48153, 1379, 28877, 12724, 'gut'),
(48154, 1298, 21687, 24139, 'gut'),
(48165, 1144, 16007, 19258, 'gut'),
(48182, 1274, 14205, 28690, 'gut'),
(48193, 1316, 23373, 28115, 'gut'),
(48221, 1296, 10554, 11061, 'gut'),
(48277, 1274, 19992, 21405, 'gut'),
(48281, 1316, 24994, 13943, 'gut'),
(48291, 1094, 12848, 23252, 'gut'),
(48309, 1274, 10889, 21390, 'gut'),
(48327, 1189, 12226, 16674, 'gut'),
(48343, 1274, 28690, 23661, 'gut'),
(48371, 1274, 24219, 19555, 'gut'),
(48413, 1345, 10055, 12707, 'gut'),
(48424, 1144, 12473, 19141, 'gut'),
(48432, 1337, 21165, 22618, 'gut'),
(48433, 1296, 15040, 17244, 'gut'),
(48447, 1316, 25332, 11709, 'gut'),
(48465, 1049, 20349, 10359, 'gut'),
(48488, 1094, 14034, 19007, 'gut'),
(48498, 1296, 24194, 16883, 'gut'),
(48552, 1180, 28628, 12007, 'gut'),
(48602, 1246, 27332, 16856, 'gut'),
(48608, 1345, 18819, 23624, 'gut'),
(48628, 1220, 17559, 16748, 'gut'),
(48650, 1309, 10364, 16004, 'gut'),
(48675, 1189, 14804, 15980, 'gut'),
(48686, 1384, 22306, 10654, 'gut'),
(48716, 1049, 20003, 25280, 'gut'),
(48724, 1223, 16284, 15563, 'gut'),
(48740, 1298, 28153, 11876, 'gut'),
(48775, 1205, 28838, 22353, 'gut'),
(48814, 1189, 14804, 20045, 'gut'),
(48850, 1246, 21343, 26000, 'gut'),
(48853, 1144, 17150, 25594, 'gut'),
(48855, 1144, 22109, 11914, 'gut'),
(48892, 1144, 19141, 13682, 'gut'),
(48896, 1316, 17105, 21962, 'gut'),
(48969, 1094, 25211, 16913, 'gut'),
(48983, 1345, 21423, 15564, 'gut'),
(48992, 1094, 18177, 23252, 'gut'),
(49010, 1144, 28967, 24785, 'gut'),
(49011, 1315, 14567, 17999, 'gut'),
(49044, 1296, 10893, 28290, 'gut'),
(49086, 1205, 27285, 15413, 'gut'),
(49139, 1315, 28589, 27894, 'gut'),
(49158, 1309, 11491, 19550, 'gut'),
(49182, 1195, 21561, 16551, 'gut'),
(49187, 1144, 10271, 20984, 'gut'),
(49198, 1144, 11957, 25498, 'gut'),
(49277, 1345, 15437, 10372, 'gut'),
(49279, 1082, 19780, 24533, 'gut'),
(49287, 1296, 15052, 13849, 'gut'),
(49293, 1337, 10224, 10574, 'gut'),
(49300, 1094, 18831, 25211, 'gut'),
(49316, 1246, 22207, 22513, 'gut'),
(49318, 1144, 23547, 28967, 'gut'),
(49324, 1243, 17027, 28075, 'gut'),
(49327, 1298, 16520, 11466, 'gut'),
(49328, 1189, 20045, 16396, 'gut'),
(49361, 1345, 27520, 24604, 'gut'),
(49422, 1316, 23729, 24741, 'gut'),
(49469, 1189, 17283, 28808, 'gut'),
(49472, 1180, 23222, 28205, 'gut'),
(49518, 1246, 19889, 17768, 'gut'),
(49587, 1144, 11597, 11914, 'gut'),
(49609, 1246, 13759, 23377, 'gut'),
(49632, 1049, 11871, 25595, 'gut'),
(49641, 1337, 22380, 20718, 'gut'),
(49662, 1298, 13850, 28498, 'gut'),
(49687, 1316, 11709, 25684, 'gut'),
(49724, 1082, 29076, 27279, 'gut'),
(49725, 1195, 24676, 27700, 'gut'),
(49740, 1379, 19329, 10555, 'gut'),
(49741, 1082, 11349, 16494, 'gut'),
(49743, 1384, 10468, 20252, 'gut'),
(49748, 1220, 14199, 21388, 'gut'),
(49765, 1205, 20027, 13088, 'gut'),
(49770, 1094, 16506, 24710, 'gut'),
(49781, 1082, 24765, 25390, 'gut'),
(49828, 1082, 18452, 21742, 'gut'),
(49831, 1220, 14604, 11997, 'gut'),
(49835, 1309, 16004, 17397, 'gut'),
(49930, 1384, 21979, 29262, 'gut'),
(49941, 1379, 27627, 23471, 'gut'),
(49957, 1144, 24785, 17150, 'gut'),
(49976, 1345, 20816, 20053, 'gut'),
(49992, 1337, 12412, 16835, 'gut'),
(49996, 1223, 28199, 23633, 'gut'),
(49997, 1296, 27653, 11783, 'gut'),
(50014, 1144, 20590, 24762, 'gut'),
(50073, 1316, 24994, 23740, 'gut'),
(50092, 1082, 14390, 25390, 'gut'),
(50214, 1094, 17350, 17014, 'gut'),
(50234, 1384, 17789, 22306, 'gut'),
(50246, 1094, 13486, 21939, 'gut'),
(50276, 1316, 24588, 14571, 'gut'),
(50315, 1309, 11491, 23107, 'gut'),
(50349, 1298, 12131, 28777, 'gut'),
(50350, 1243, 25374, 17633, 'gut'),
(50361, 1189, 15404, 24366, 'gut'),
(50365, 1315, 19801, 19046, 'gut'),
(50390, 1205, 14776, 17664, 'gut'),
(50424, 1296, 16721, 27948, 'gut'),
(50433, 1316, 23729, 23373, 'gut'),
(50479, 1379, 11948, 19919, 'gut'),
(50482, 1316, 16900, 15889, 'gut'),
(50502, 1246, 27097, 22513, 'gut'),
(50528, 1309, 17157, 21769, 'gut'),
(50567, 1298, 24139, 11332, 'gut'),
(50587, 1298, 24360, 19092, 'gut'),
(50588, 1205, 14453, 27285, 'gut'),
(50608, 1337, 18313, 26852, 'gut'),
(50615, 1223, 15563, 23143, 'gut'),
(50622, 1049, 11152, 17172, 'gut'),
(50658, 1180, 11077, 23222, 'gut'),
(50708, 1345, 18819, 21423, 'gut'),
(50731, 1316, 10480, 21962, 'gut'),
(50768, 1345, 27520, 12707, 'gut'),
(50779, 1246, 16475, 28642, 'gut'),
(50845, 1246, 14529, 23867, 'gut'),
(50851, 1316, 14571, 20102, 'gut'),
(50862, 1246, 28008, 15952, 'gut'),
(50923, 1379, 15574, 23790, 'gut'),
(50924, 1315, 26850, 19801, 'gut'),
(50961, 1274, 13007, 22122, 'gut'),
(50963, 1246, 19954, 22513, 'gut'),
(50983, 1337, 15169, 21242, 'gut'),
(51051, 1082, 27279, 19081, 'gut'),
(51053, 1082, 17785, 20556, 'gut'),
(51069, 1189, 18971, 23067, 'gut'),
(51086, 1180, 16534, 17678, 'gut'),
(51089, 1243, 18852, 17800, 'gut'),
(51098, 1379, 15574, 17269, 'gut'),
(51101, 1144, 27863, 18936, 'gut'),
(51179, 1316, 12304, 23373, 'gut'),
(51233, 1082, 24908, 24765, 'gut'),
(51304, 1315, 17074, 15384, 'gut'),
(51326, 1220, 20676, 21253, 'gut'),
(51329, 1223, 11775, 21832, 'gut'),
(51356, 1180, 20822, 28163, 'gut'),
(51372, 1049, 18144, 14947, 'gut'),
(51384, 1274, 16455, 13007, 'gut'),
(51406, 1195, 11287, 16925, 'gut'),
(51410, 1223, 15978, 18285, 'gut'),
(51427, 1094, 28455, 28477, 'gut'),
(51445, 1337, 10574, 26852, 'gut'),
(51447, 1298, 19092, 12131, 'gut'),
(51501, 1243, 13001, 28925, 'gut'),
(51542, 1298, 12871, 16579, 'gut'),
(51553, 1316, 25453, 23246, 'gut'),
(51585, 1094, 24710, 21953, 'gut'),
(51590, 1345, 15437, 15953, 'gut'),
(51591, 1220, 13102, 21180, 'gut'),
(51608, 1379, 18305, 19919, 'gut'),
(51624, 1296, 28543, 29261, 'gut'),
(51657, 1205, 13907, 14219, 'gut'),
(51666, 1316, 19415, 23373, 'gut'),
(51690, 1195, 17398, 29219, 'gut'),
(51703, 1274, 21390, 21619, 'gut');

-- --------------------------------------------------------

--
-- Tabellenstruktur für Tabelle `state`
--

CREATE TABLE IF NOT EXISTS `state` (
  `index` int(11) NOT NULL AUTO_INCREMENT,
  `name` varchar(100) COLLATE utf8_unicode_ci NOT NULL,
  `type` varchar(30) COLLATE utf8_unicode_ci NOT NULL,
  PRIMARY KEY (`index`)
) ENGINE=InnoDB  DEFAULT CHARSET=utf8 COLLATE=utf8_unicode_ci AUTO_INCREMENT=9 ;

--
-- Daten für Tabelle `state`
--

INSERT INTO `state` (`index`, `name`, `type`) VALUES
(3, 'Messer', 'Gegenstand'),
(4, 'Wasserkopf', 'Zustand'),
(5, 'Bekifft', 'Zustand'),
(6, 'Erschöpft', 'Zustand'),
(7, 'Total Kaputt', 'Zustand');

-- --------------------------------------------------------

--
-- Tabellenstruktur für Tabelle `state_nodeedge_relation`
--

CREATE TABLE IF NOT EXISTS `state_nodeedge_relation` (
  `index` int(11) NOT NULL AUTO_INCREMENT,
  `state_id` int(11) NOT NULL,
  `nodeedge_id` int(11) NOT NULL,
  PRIMARY KEY (`index`)
) ENGINE=InnoDB  DEFAULT CHARSET=utf8 COLLATE=utf8_swedish_ci AUTO_INCREMENT=9 ;

--
-- Daten für Tabelle `state_nodeedge_relation`
--

INSERT INTO `state_nodeedge_relation` (`index`, `state_id`, `nodeedge_id`) VALUES
(1, 4, 6),
(2, 3, 7),
(3, 4, 7),
(4, 7, 8),
(5, 5, 9),
(6, 5, 10),
(7, 7, 11),
(8, 3, 51730);

-- --------------------------------------------------------

--
-- Tabellenstruktur für Tabelle `state_node_relation`
--

CREATE TABLE IF NOT EXISTS `state_node_relation` (
  `index` int(11) NOT NULL AUTO_INCREMENT,
  `node_id` int(11) NOT NULL,
  `state_id` int(11) NOT NULL,
  PRIMARY KEY (`index`)
) ENGINE=InnoDB  DEFAULT CHARSET=utf8 COLLATE=utf8_unicode_ci AUTO_INCREMENT=13 ;

--
-- Daten für Tabelle `state_node_relation`
--

INSERT INTO `state_node_relation` (`index`, `node_id`, `state_id`) VALUES
(1, 54, 3),
(2, 55, 6),
(3, 55, 7),
(4, 56, 4),
(5, 57, 6),
(6, 58, 6),
(7, 58, 5),
(8, 62, 6),
(9, 63, 6),
(10, 64, 5),
(11, 64, 3),
(12, 29306, 4);

-- --------------------------------------------------------

--
-- Tabellenstruktur für Tabelle `storynode`
--

CREATE TABLE IF NOT EXISTS `storynode` (
  `index` int(11) NOT NULL AUTO_INCREMENT,
  `name` varchar(30) COLLATE utf8_unicode_ci NOT NULL,
  `text` text COLLATE utf8_unicode_ci NOT NULL,
  `chapter` int(11) NOT NULL,
  `owner` varchar(30) COLLATE utf8_unicode_ci NOT NULL,
  `time` timestamp NOT NULL DEFAULT CURRENT_TIMESTAMP ON UPDATE CURRENT_TIMESTAMP,
  PRIMARY KEY (`index`)
) ENGINE=InnoDB  DEFAULT CHARSET=utf8 COLLATE=utf8_unicode_ci AUTO_INCREMENT=29302 ;

--
-- Daten für Tabelle `storynode`
--

INSERT INTO `storynode` (`index`, `name`, `text`, `chapter`, `owner`, `time`) VALUES
(10055, 'Ernst-Arndt-Weg', 'gut', 1345, 'barsch', '2017-02-18 22:32:31'),
(10082, 'Hinschenfelder Stücken', 'gut', 1082, 'barsch', '2017-02-18 22:32:31'),
(10139, 'Kolonie Dreilinden', 'gut', 1274, 'barsch', '2017-02-18 22:32:31'),
(10179, 'Auguste-Piccard-Straße', 'gut', 1274, 'barsch', '2017-02-18 22:32:31'),
(10180, 'Salanderweg', 'gut', 1315, 'barsch', '2017-02-18 22:32:31'),
(10195, 'Hirschpfad', 'gut', 1384, 'barsch', '2017-02-18 22:32:31'),
(10224, 'Ophof', 'gut', 1337, 'barsch', '2017-02-18 22:32:31'),
(10270, 'Kolonie Wilhelmsgarten-West', 'gut', 1094, 'barsch', '2017-02-18 22:32:31'),
(10271, 'Pierre-de-Caters-Straße', 'gut', 1144, 'barsch', '2017-02-18 22:32:31'),
(10275, 'Rübländerstraße', 'gut', 1345, 'barsch', '2017-02-18 22:32:31'),
(10311, 'Sander Deichweg', 'gut', 1337, 'barsch', '2017-02-18 22:32:31'),
(10317, 'Heidjerweg', 'gut', 1384, 'barsch', '2017-02-18 22:32:31'),
(10332, 'Detlev-Bremer-Straße', 'gut', 1094, 'barsch', '2017-02-18 22:32:31'),
(10354, 'Im Dol', 'gut', 1223, 'barsch', '2017-02-18 22:32:31'),
(10359, 'Paeplowweg', 'gut', 1049, 'barsch', '2017-02-18 22:32:31'),
(10371, 'Trautenauer Straße', 'gut', 1180, 'barsch', '2017-02-18 22:32:31'),
(10435, 'Marseillestraße', 'gut', 1309, 'barsch', '2017-02-18 22:32:31'),
(10455, 'Rex-Waite-Straße', 'gut', 1180, 'barsch', '2017-02-18 22:32:31'),
(10468, 'Dreysestraße', 'gut', 1384, 'barsch', '2017-02-18 22:32:31'),
(10480, 'Poschingerstraße', 'gut', 1316, 'barsch', '2017-02-18 22:32:31'),
(10507, 'Steinkauzgasse', 'gut', 1205, 'barsch', '2017-02-18 22:32:31'),
(10530, 'Am Dominikusteich', 'gut', 1144, 'barsch', '2017-02-18 22:32:31'),
(10536, 'Glienicker Brücke', 'gut', 1195, 'barsch', '2017-02-18 22:32:31'),
(10566, 'Zanower Weg', 'gut', 1298, 'barsch', '2017-02-18 22:32:31'),
(10569, 'Kattrepel', 'gut', 1309, 'barsch', '2017-02-18 22:32:31'),
(10574, 'Rehmbrock', 'gut', 1337, 'barsch', '2017-02-18 22:32:31'),
(10581, 'Dresselstraße', 'gut', 1205, 'barsch', '2017-02-18 22:32:31'),
(10590, 'Charlottenburger Chaussee', 'gut', 1205, 'barsch', '2017-02-18 22:32:31'),
(10614, 'Bleckenring', 'gut', 1144, 'barsch', '2017-02-18 22:32:31'),
(10654, 'Alter Markt', 'gut', 1384, 'barsch', '2017-02-18 22:32:31'),
(10666, 'Sieberlingstraße', 'gut', 1205, 'barsch', '2017-02-18 22:32:31'),
(10682, 'Mozartring', 'gut', 1094, 'barsch', '2017-02-18 22:32:31'),
(10698, 'Düppelstraße', 'gut', 1384, 'barsch', '2017-02-18 22:32:31'),
(10730, 'Fähenweg', 'gut', 1384, 'barsch', '2017-02-18 22:32:31'),
(10749, 'Klosterbuschweg', 'gut', 1189, 'barsch', '2017-02-18 22:32:31'),
(10798, 'Ideallee', 'gut', 1298, 'barsch', '2017-02-18 22:32:31'),
(10802, 'Holtwisch', 'gut', 1337, 'barsch', '2017-02-18 22:32:31'),
(10820, 'Winterheide', 'gut', 1189, 'barsch', '2017-02-18 22:32:31'),
(10829, 'Pegnitzring', 'gut', 1223, 'barsch', '2017-02-18 22:32:31'),
(10831, 'Rönneburger Stieg', 'gut', 1180, 'barsch', '2017-02-18 22:32:31'),
(10872, 'Straße 46', 'gut', 1246, 'barsch', '2017-02-18 22:32:31'),
(10889, 'Gerdastraße', 'gut', 1274, 'barsch', '2017-02-18 22:32:31'),
(10892, 'David-Francke-Straße', 'gut', 1309, 'barsch', '2017-02-18 22:32:31'),
(10893, 'Kolonie Zingertal', 'gut', 1296, 'barsch', '2017-02-18 22:32:31'),
(10909, 'Rotenhäuser Straße', 'gut', 1223, 'barsch', '2017-02-18 22:32:31'),
(10932, 'Am Wasserturm', 'gut', 1195, 'barsch', '2017-02-18 22:32:31'),
(10938, 'Sarenweg  Wohldorf-Ohlstedt ', 'gut', 1379, 'barsch', '2017-02-18 22:32:31'),
(10956, 'James-Franck-Straße', 'gut', 1082, 'barsch', '2017-02-18 22:32:31'),
(10961, 'Smidtstraße', 'gut', 1274, 'barsch', '2017-02-18 22:32:31'),
(10985, 'Cedernstraße', 'gut', 1180, 'barsch', '2017-02-18 22:32:31'),
(11013, 'New-York-Weg', 'gut', 1180, 'barsch', '2017-02-18 22:32:31'),
(11020, 'Bernkastler Weg', 'gut', 1144, 'barsch', '2017-02-18 22:32:31'),
(11037, 'Am Schwemmhorn', 'gut', 1298, 'barsch', '2017-02-18 22:32:31'),
(11061, 'Spinatweg', 'gut', 1296, 'barsch', '2017-02-18 22:32:31'),
(11153, 'Daumstraße', 'gut', 1384, 'barsch', '2017-02-18 22:32:31'),
(11195, 'Stachelbeerweg', 'gut', 1180, 'barsch', '2017-02-18 22:32:31'),
(11225, 'Hermeroder Weg', 'gut', 1144, 'barsch', '2017-02-18 22:32:31'),
(11263, 'Moorwerder Süderdeich', 'gut', 1296, 'barsch', '2017-02-18 22:32:31'),
(11271, 'Stüffeloort', 'gut', 1384, 'barsch', '2017-02-18 22:32:31'),
(11284, 'Zellerfelder Straße', 'gut', 1309, 'barsch', '2017-02-18 22:32:31'),
(11287, 'Deesbarg', 'gut', 1195, 'barsch', '2017-02-18 22:32:31'),
(11294, 'Amalienpark', 'gut', 1220, 'barsch', '2017-02-18 22:32:31'),
(11300, 'Wöhlerstraße', 'gut', 1180, 'barsch', '2017-02-18 22:32:31'),
(11326, 'Am Bramfelder Zoll', 'gut', 1220, 'barsch', '2017-02-18 22:32:31'),
(11349, 'Tierparkallee', 'gut', 1082, 'barsch', '2017-02-18 22:32:31'),
(11435, 'Wildstieg', 'gut', 1315, 'barsch', '2017-02-18 22:32:31'),
(11440, 'Kathenkoppel', 'gut', 1309, 'barsch', '2017-02-18 22:32:31'),
(11443, 'Im Ellernbusch', 'gut', 1309, 'barsch', '2017-02-18 22:32:31'),
(11466, 'Kolonie Rudower Schweiz', 'gut', 1298, 'barsch', '2017-02-18 22:32:31'),
(11491, 'Röhrichtweg', 'gut', 1309, 'barsch', '2017-02-18 22:32:31'),
(11550, 'Usedomer Straße', 'gut', 1189, 'barsch', '2017-02-18 22:32:31'),
(11571, 'Bruno-Tesch-Platz', 'gut', 1094, 'barsch', '2017-02-18 22:32:31'),
(11583, 'Groß Borsteler Straße', 'gut', 1384, 'barsch', '2017-02-18 22:32:31'),
(11584, 'Hültkoppel', 'gut', 1384, 'barsch', '2017-02-18 22:32:31'),
(11597, 'Sandfoort', 'gut', 1144, 'barsch', '2017-02-18 22:32:31'),
(11631, 'Geisbergstraße', 'gut', 1082, 'barsch', '2017-02-18 22:32:31'),
(11671, 'Bergaustraße', 'gut', 1195, 'barsch', '2017-02-18 22:32:31'),
(11775, 'Grenzwegbrücke', 'gut', 1223, 'barsch', '2017-02-18 22:32:31'),
(11776, 'Hellriegelstraße', 'gut', 1094, 'barsch', '2017-02-18 22:32:31'),
(11783, 'Tollkirschenweg', 'gut', 1296, 'barsch', '2017-02-18 22:32:31'),
(11788, 'Harzgeroder Straße', 'gut', 1205, 'barsch', '2017-02-18 22:32:31'),
(11842, 'Goßlerstraße', 'gut', 1274, 'barsch', '2017-02-18 22:32:31'),
(11855, 'Birkholzer Weg', 'gut', 1049, 'barsch', '2017-02-18 22:32:31'),
(11871, 'Heckelberger Ring', 'gut', 1049, 'barsch', '2017-02-18 22:32:31'),
(11876, 'Hauskavelweg', 'gut', 1298, 'barsch', '2017-02-18 22:32:31'),
(11880, 'Bethaniendamm', 'gut', 1274, 'barsch', '2017-02-18 22:32:31'),
(11914, 'Arnsteinweg', 'gut', 1144, 'barsch', '2017-02-18 22:32:31'),
(11948, 'Corrensplatz', 'gut', 1379, 'barsch', '2017-02-18 22:32:31'),
(11955, 'An der Flottbek', 'gut', 1309, 'barsch', '2017-02-18 22:32:31'),
(11957, 'Beim Schillingstift', 'gut', 1144, 'barsch', '2017-02-18 22:32:31'),
(12007, 'Stephansplatz', 'gut', 1180, 'barsch', '2017-02-18 22:32:31'),
(12008, 'Rotherstraße', 'gut', 1220, 'barsch', '2017-02-18 22:32:31'),
(12047, 'Navarraplatz', 'gut', 1205, 'barsch', '2017-02-18 22:32:31'),
(12066, 'Alsterallee', 'gut', 1246, 'barsch', '2017-02-18 22:32:31'),
(12092, 'Frankentaler Ufer', 'gut', 1094, 'barsch', '2017-02-18 22:32:31'),
(12114, 'Hangelsberger Gang', 'gut', 1246, 'barsch', '2017-02-18 22:32:31'),
(12122, 'Gatterweg', 'gut', 1049, 'barsch', '2017-02-18 22:32:31'),
(12131, 'Poeckstraße', 'gut', 1298, 'barsch', '2017-02-18 22:32:31'),
(12180, 'Am Pulverhof  Rahlstedt ', 'gut', 1316, 'barsch', '2017-02-18 22:32:31'),
(12211, 'Am Generalshof', 'gut', 1309, 'barsch', '2017-02-18 22:32:31'),
(12254, 'Goebenstraße', 'gut', 1274, 'barsch', '2017-02-18 22:32:31'),
(12324, 'Jürgensallee  Othmarschen ', 'gut', 1309, 'barsch', '2017-02-18 22:32:31'),
(12360, 'Gätgensstraße', 'gut', 1144, 'barsch', '2017-02-18 22:32:31'),
(12385, 'KolonieWestkreuz', 'gut', 1274, 'barsch', '2017-02-18 22:32:31'),
(12403, 'Rotenkruger Weg', 'gut', 1223, 'barsch', '2017-02-18 22:32:31'),
(12412, 'Wiesengrund', 'gut', 1337, 'barsch', '2017-02-18 22:32:31'),
(12421, 'Kleine Parkstraße', 'gut', 1309, 'barsch', '2017-02-18 22:32:31'),
(12436, 'Pfarrer-Vogelsang-Weg', 'gut', 1345, 'barsch', '2017-02-18 22:32:31'),
(12451, 'Im Havelblick', 'gut', 1309, 'barsch', '2017-02-18 22:32:31'),
(12459, 'Woltersstraße', 'gut', 1309, 'barsch', '2017-02-18 22:32:31'),
(12469, 'Jugendparkweg', 'gut', 1316, 'barsch', '2017-02-18 22:32:31'),
(12473, 'Am Osrücken', 'gut', 1144, 'barsch', '2017-02-18 22:32:31'),
(12488, 'Kolonie Am Sportplatz', 'gut', 1195, 'barsch', '2017-02-18 22:32:31'),
(12489, 'Kolonie PichelswerderBrüder', 'gut', 1246, 'barsch', '2017-02-18 22:32:31'),
(12502, 'Kirchwerder Mühlendamm', 'gut', 1195, 'barsch', '2017-02-18 22:32:31'),
(12519, 'Am Lokdepot', 'gut', 1195, 'barsch', '2017-02-18 22:32:31'),
(12532, 'Marsstraße', 'gut', 1082, 'barsch', '2017-02-18 22:32:31'),
(12544, 'Christrosensteig', 'gut', 1337, 'barsch', '2017-02-18 22:32:31'),
(12559, 'Staehleweg', 'gut', 1337, 'barsch', '2017-02-18 22:32:31'),
(12580, 'Am Wiesenrain', 'gut', 1180, 'barsch', '2017-02-18 22:32:31'),
(12598, 'Hollstraße', 'gut', 1180, 'barsch', '2017-02-18 22:32:31'),
(12600, 'Sanderstraße', 'gut', 1180, 'barsch', '2017-02-18 22:32:31'),
(12647, 'Kolonie Waldesgrund', 'gut', 1195, 'barsch', '2017-02-18 22:32:31'),
(12687, 'Pagenfelder Platz', 'gut', 1144, 'barsch', '2017-02-18 22:32:31'),
(12743, 'Veilchenblütenweg', 'gut', 1189, 'barsch', '2017-02-18 22:32:31'),
(12819, 'Sigridstraße', 'gut', 1246, 'barsch', '2017-02-18 22:32:31'),
(12848, 'Gauerter Hauptdeich', 'gut', 1094, 'barsch', '2017-02-18 22:32:31'),
(12865, 'Höhenstieg', 'gut', 1315, 'barsch', '2017-02-18 22:32:31'),
(12868, 'Entenwerder Straße', 'gut', 1205, 'barsch', '2017-02-18 22:32:31'),
(12871, 'Spenerstraße', 'gut', 1298, 'barsch', '2017-02-18 22:32:31'),
(12879, 'Stubnitzstraße', 'gut', 1223, 'barsch', '2017-02-18 22:32:31'),
(12929, 'Bebelallee  Alsterdorf ', 'gut', 1337, 'barsch', '2017-02-18 22:32:31'),
(12984, 'Rennbahnstraße  Horn ', 'gut', 1298, 'barsch', '2017-02-18 22:32:31'),
(13007, 'Sömmeringstraße', 'gut', 1274, 'barsch', '2017-02-18 22:32:31'),
(13009, 'Hermann-Maul-Straße', 'gut', 1246, 'barsch', '2017-02-18 22:32:31'),
(13022, 'Brieger Straße', 'gut', 1379, 'barsch', '2017-02-18 22:32:31'),
(13038, 'Blankeneser Hauptstraße', 'gut', 1243, 'barsch', '2017-02-18 22:32:31'),
(13102, 'Schmöckwitzer Damm', 'gut', 1220, 'barsch', '2017-02-18 22:32:31'),
(13107, 'Eckweg', 'gut', 1189, 'barsch', '2017-02-18 22:32:31'),
(13123, 'Buschkamp', 'gut', 1316, 'barsch', '2017-02-18 22:32:31'),
(13207, 'Hohenzollernring', 'gut', 1384, 'barsch', '2017-02-18 22:32:31'),
(13257, 'Kanalstraße', 'gut', 1144, 'barsch', '2017-02-18 22:32:31'),
(13321, 'Klausenerplatz', 'gut', 1049, 'barsch', '2017-02-18 22:32:31'),
(13338, 'Louis-Schmidt-Straße', 'gut', 1223, 'barsch', '2017-02-18 22:32:31'),
(13351, 'Alter Berner Weg', 'gut', 1345, 'barsch', '2017-02-18 22:32:31'),
(13373, 'Ludwig-Prandtl-Straße', 'gut', 1223, 'barsch', '2017-02-18 22:32:31'),
(13377, 'Herrfurthstraße', 'gut', 1195, 'barsch', '2017-02-18 22:32:31'),
(13393, 'Irisring', 'gut', 1274, 'barsch', '2017-02-18 22:32:31'),
(13443, 'Abendfrieden', 'gut', 1315, 'barsch', '2017-02-18 22:32:31'),
(13472, 'Buckower Damm', 'gut', 1296, 'barsch', '2017-02-18 22:32:31'),
(13559, 'Siebenbuchen  Sülldorf ', 'gut', 1298, 'barsch', '2017-02-18 22:32:31'),
(13570, 'Böhmerwaldweg', 'gut', 1049, 'barsch', '2017-02-18 22:32:31'),
(13628, 'Grotestraße', 'gut', 1296, 'barsch', '2017-02-18 22:32:31'),
(13653, 'Christopher-Harms-Weg', 'gut', 1315, 'barsch', '2017-02-18 22:32:31'),
(13682, 'Pfenningwiese', 'gut', 1144, 'barsch', '2017-02-18 22:32:31'),
(13783, 'Straße 127', 'gut', 1315, 'barsch', '2017-02-18 22:32:31'),
(13849, 'Singener Weg', 'gut', 1296, 'barsch', '2017-02-18 22:32:31'),
(13850, 'Sebnitzer Straße', 'gut', 1298, 'barsch', '2017-02-18 22:32:31'),
(13853, 'Barlachweg', 'gut', 1220, 'barsch', '2017-02-18 22:32:31'),
(13865, 'Schlüsselblumenweg', 'gut', 1337, 'barsch', '2017-02-18 22:32:31'),
(13907, 'Fritz-Lindemann-Weg', 'gut', 1205, 'barsch', '2017-02-18 22:32:31'),
(13924, 'Grenzacker', 'gut', 1082, 'barsch', '2017-02-18 22:32:31'),
(13932, 'Melkweg', 'gut', 1309, 'barsch', '2017-02-18 22:32:31'),
(13943, 'Buolstraße', 'gut', 1316, 'barsch', '2017-02-18 22:32:31'),
(13946, 'Elsterwegbrücke', 'gut', 1082, 'barsch', '2017-02-18 22:32:31'),
(14001, 'Boddinstraße', 'gut', 1316, 'barsch', '2017-02-18 22:32:31'),
(14007, 'Eupener Straße', 'gut', 1195, 'barsch', '2017-02-18 22:32:31'),
(14021, 'Kronberger Straße', 'gut', 1298, 'barsch', '2017-02-18 22:32:31'),
(14034, 'Kunzeweg', 'gut', 1094, 'barsch', '2017-02-18 22:32:31'),
(14037, 'Sorbenstraße', 'gut', 1345, 'barsch', '2017-02-18 22:32:31'),
(14048, 'Heinrich-Mann-Platz', 'gut', 1246, 'barsch', '2017-02-18 22:32:31'),
(14062, 'Teutonenstraße', 'gut', 1315, 'barsch', '2017-02-18 22:32:31'),
(14075, 'Am Birkenhügel', 'gut', 1337, 'barsch', '2017-02-18 22:32:31'),
(14088, 'Contastraße', 'gut', 1384, 'barsch', '2017-02-18 22:32:31'),
(14159, 'Braamkoppelweg', 'gut', 1180, 'barsch', '2017-02-18 22:32:31'),
(14199, 'Barsbütteler Straße', 'gut', 1220, 'barsch', '2017-02-18 22:32:31'),
(14205, 'Hövelweg', 'gut', 1274, 'barsch', '2017-02-18 22:32:31'),
(14219, 'Jenischstraße', 'gut', 1205, 'barsch', '2017-02-18 22:32:31'),
(14269, 'Ulsterstraße', 'gut', 1082, 'barsch', '2017-02-18 22:32:31'),
(14280, 'Waldallee', 'gut', 1246, 'barsch', '2017-02-18 22:32:31'),
(14317, 'Golddistelweg', 'gut', 1309, 'barsch', '2017-02-18 22:32:31'),
(14318, 'Weißbirkenkamp', 'gut', 1345, 'barsch', '2017-02-18 22:32:31'),
(14323, 'Via Tilia', 'gut', 1315, 'barsch', '2017-02-18 22:32:31'),
(14334, 'Stierstraße', 'gut', 1298, 'barsch', '2017-02-18 22:32:31'),
(14335, 'Kupferhammer', 'gut', 1298, 'barsch', '2017-02-18 22:32:31'),
(14352, 'Bonusstraße', 'gut', 1296, 'barsch', '2017-02-18 22:32:31'),
(14390, 'Dröögsiet', 'gut', 1082, 'barsch', '2017-02-18 22:32:31'),
(14424, 'Reußallee', 'gut', 1205, 'barsch', '2017-02-18 22:32:31'),
(14440, 'In der Masch', 'gut', 1384, 'barsch', '2017-02-18 22:32:31'),
(14445, 'Tunnelstraße', 'gut', 1223, 'barsch', '2017-02-18 22:32:31'),
(14449, 'Schottstraße', 'gut', 1316, 'barsch', '2017-02-18 22:32:31'),
(14490, 'Otto-Brahm-Straße', 'gut', 1243, 'barsch', '2017-02-18 22:32:31'),
(14494, 'Alexander-Meißner-Straße', 'gut', 1220, 'barsch', '2017-02-18 22:32:31'),
(14523, 'Königshorster Straße', 'gut', 1195, 'barsch', '2017-02-18 22:32:31'),
(14567, 'Hildegard-Marcusson-Straße', 'gut', 1315, 'barsch', '2017-02-18 22:32:31'),
(14604, 'Brehmweg  Lokstedt ', 'gut', 1220, 'barsch', '2017-02-18 22:32:31'),
(14666, 'Mohnweg', 'gut', 1144, 'barsch', '2017-02-18 22:32:31'),
(14676, 'Zeisigweg', 'gut', 1220, 'barsch', '2017-02-18 22:32:31'),
(14752, 'Moorburger Hinterdeich', 'gut', 1195, 'barsch', '2017-02-18 22:32:31'),
(14755, 'Karl-Fischer-Weg', 'gut', 1223, 'barsch', '2017-02-18 22:32:31'),
(14772, 'Avenariusstraße', 'gut', 1180, 'barsch', '2017-02-18 22:32:31'),
(14794, 'Bataverweg', 'gut', 1189, 'barsch', '2017-02-18 22:32:31'),
(14819, 'Amfortasweg', 'gut', 1180, 'barsch', '2017-02-18 22:32:31'),
(14846, 'Achenseeweg', 'gut', 1082, 'barsch', '2017-02-18 22:32:31'),
(14903, 'Pferdekoppel', 'gut', 1220, 'barsch', '2017-02-18 22:32:31'),
(14907, 'Anglersiedlung', 'gut', 1180, 'barsch', '2017-02-18 22:32:31'),
(14947, 'Grimmingweg', 'gut', 1049, 'barsch', '2017-02-18 22:32:31'),
(14952, 'Hobrechtsfelder Chaussee', 'gut', 1082, 'barsch', '2017-02-18 22:32:31'),
(15024, 'Hasselwerder', 'gut', 1189, 'barsch', '2017-02-18 22:32:31'),
(15040, 'Pechsee', 'gut', 1296, 'barsch', '2017-02-18 22:32:31'),
(15048, 'Kolonie Marienhöhe', 'gut', 1223, 'barsch', '2017-02-18 22:32:31'),
(15052, 'Bei der Paul-Gerhardt-Kirche', 'gut', 1296, 'barsch', '2017-02-18 22:32:31'),
(15090, 'Am Grünen Anger', 'gut', 1094, 'barsch', '2017-02-18 22:32:31'),
(15131, 'Denksteinweg', 'gut', 1345, 'barsch', '2017-02-18 22:32:31'),
(15155, 'Marbacher Straße', 'gut', 1205, 'barsch', '2017-02-18 22:32:31'),
(15169, 'Zelterstraße', 'gut', 1337, 'barsch', '2017-02-18 22:32:31'),
(15181, 'Köhlfleetdamm', 'gut', 1246, 'barsch', '2017-02-18 22:32:31'),
(15182, 'Reeperbahn', 'gut', 1205, 'barsch', '2017-02-18 22:32:31'),
(15190, 'Brunowstraße', 'gut', 1274, 'barsch', '2017-02-18 22:32:31'),
(15216, 'Kolonie Südufer', 'gut', 1144, 'barsch', '2017-02-18 22:32:31'),
(15245, 'Brandsende', 'gut', 1337, 'barsch', '2017-02-18 22:32:31'),
(15253, 'Rodelbergweg', 'gut', 1180, 'barsch', '2017-02-18 22:32:31'),
(15273, 'Lindholzweg', 'gut', 1246, 'barsch', '2017-02-18 22:32:31'),
(15367, 'Wasserwerkstraße', 'gut', 1189, 'barsch', '2017-02-18 22:32:31'),
(15384, 'Ohlstücken', 'gut', 1315, 'barsch', '2017-02-18 22:32:31'),
(15404, 'Bernburger Treppe', 'gut', 1189, 'barsch', '2017-02-18 22:32:31'),
(15428, 'Waldmüllerstraße', 'gut', 1345, 'barsch', '2017-02-18 22:32:31'),
(15437, 'Harburger Ring', 'gut', 1345, 'barsch', '2017-02-18 22:32:31'),
(15503, 'Opelweg', 'gut', 1384, 'barsch', '2017-02-18 22:32:31'),
(15556, 'Raamkamp', 'gut', 1220, 'barsch', '2017-02-18 22:32:31'),
(15563, 'Wesendorfer Straße', 'gut', 1223, 'barsch', '2017-02-18 22:32:31'),
(15564, 'Rosentreterpfad', 'gut', 1345, 'barsch', '2017-02-18 22:32:31'),
(15566, 'Kolonie Grabelandpächter', 'gut', 1082, 'barsch', '2017-02-18 22:32:31'),
(15570, 'Sophie-Schoop-Weg', 'gut', 1094, 'barsch', '2017-02-18 22:32:31'),
(15574, 'Goldmühler Weg', 'gut', 1379, 'barsch', '2017-02-18 22:32:31'),
(15580, 'Koolbarg', 'gut', 1144, 'barsch', '2017-02-18 22:32:31'),
(15696, 'Olenreem', 'gut', 1180, 'barsch', '2017-02-18 22:32:31'),
(15703, 'Elsterplatz', 'gut', 1309, 'barsch', '2017-02-18 22:32:31'),
(15717, 'Heinrich-Zille-Weg', 'gut', 1274, 'barsch', '2017-02-18 22:32:31'),
(15728, 'Veddeler Brückenstraße', 'gut', 1220, 'barsch', '2017-02-18 22:32:31'),
(15752, 'Storchenstraße', 'gut', 1243, 'barsch', '2017-02-18 22:32:31'),
(15760, 'Kleine Marienstraße', 'gut', 1274, 'barsch', '2017-02-18 22:32:31'),
(15761, 'Wittingstraße', 'gut', 1384, 'barsch', '2017-02-18 22:32:31'),
(15833, 'Laubestraße', 'gut', 1180, 'barsch', '2017-02-18 22:32:31'),
(15887, 'Straße zur Krampenburg', 'gut', 1049, 'barsch', '2017-02-18 22:32:31'),
(15896, 'Wildschwanbrook', 'gut', 1094, 'barsch', '2017-02-18 22:32:31'),
(15929, 'Niklasstraße', 'gut', 1205, 'barsch', '2017-02-18 22:32:31'),
(15952, 'Beyschlagtunnel', 'gut', 1246, 'barsch', '2017-02-18 22:32:31'),
(15978, 'Kurt-Marzahn-Straße', 'gut', 1223, 'barsch', '2017-02-18 22:32:31'),
(15980, 'Windthorststraße', 'gut', 1189, 'barsch', '2017-02-18 22:32:31'),
(15997, 'Undeloher Winkel', 'gut', 1345, 'barsch', '2017-02-18 22:32:31'),
(16003, 'Wülfkenweg', 'gut', 1189, 'barsch', '2017-02-18 22:32:31'),
(16004, 'Norderkai-Ufer', 'gut', 1309, 'barsch', '2017-02-18 22:32:31'),
(16007, 'Wientapperweg', 'gut', 1144, 'barsch', '2017-02-18 22:32:31'),
(16024, 'Oranienplatz', 'gut', 1309, 'barsch', '2017-02-18 22:32:31'),
(16072, 'Schmöckwitzer Brücke', 'gut', 1345, 'barsch', '2017-02-18 22:32:31'),
(16126, 'Weidenweg', 'gut', 1315, 'barsch', '2017-02-18 22:32:31'),
(16149, 'Zürnerweg', 'gut', 1309, 'barsch', '2017-02-18 22:32:31'),
(16199, 'Kolonie Pankeland', 'gut', 1195, 'barsch', '2017-02-18 22:32:31'),
(16204, 'Charlottenburger Brücke', 'gut', 1296, 'barsch', '2017-02-18 22:32:31'),
(16224, 'Tilkeroder Weg', 'gut', 1309, 'barsch', '2017-02-18 22:32:31'),
(16232, 'Platenstraße', 'gut', 1049, 'barsch', '2017-02-18 22:32:31'),
(16284, 'Hempelsteig', 'gut', 1223, 'barsch', '2017-02-18 22:32:31'),
(16285, 'Rüterstraße', 'gut', 1315, 'barsch', '2017-02-18 22:32:31'),
(16306, 'Ottokarstraße', 'gut', 1223, 'barsch', '2017-02-18 22:32:31'),
(16396, 'Durchdeich  Ochsenwerder ', 'gut', 1189, 'barsch', '2017-02-18 22:32:31'),
(16430, 'Sarntaler Weg', 'gut', 1274, 'barsch', '2017-02-18 22:32:31'),
(16442, 'Haseldorfer Weg', 'gut', 1315, 'barsch', '2017-02-18 22:32:31'),
(16455, 'Straße 250', 'gut', 1274, 'barsch', '2017-02-18 22:32:31'),
(16475, 'Schellbronner Weg', 'gut', 1246, 'barsch', '2017-02-18 22:32:31'),
(16478, 'Biedermannweg', 'gut', 1195, 'barsch', '2017-02-18 22:32:31'),
(16485, 'Augsburger Straße', 'gut', 1049, 'barsch', '2017-02-18 22:32:31'),
(16506, 'Schirwindter Allee', 'gut', 1094, 'barsch', '2017-02-18 22:32:31'),
(16520, 'Zum Kappgraben', 'gut', 1298, 'barsch', '2017-02-18 22:32:31'),
(16534, 'Op´n Kamp', 'gut', 1180, 'barsch', '2017-02-18 22:32:31'),
(16551, 'Im Wolfsgartenfeld', 'gut', 1195, 'barsch', '2017-02-18 22:32:31'),
(16567, 'Kuckuckshorn', 'gut', 1379, 'barsch', '2017-02-18 22:32:31'),
(16579, 'Zum Handwerkszentrum  Harburg ', 'gut', 1298, 'barsch', '2017-02-18 22:32:31'),
(16632, 'Seidenschwanzstraße', 'gut', 1195, 'barsch', '2017-02-18 22:32:31'),
(16637, 'Neue Gröningerstraße', 'gut', 1189, 'barsch', '2017-02-18 22:32:31'),
(16674, 'Kneippstraße', 'gut', 1189, 'barsch', '2017-02-18 22:32:31'),
(16701, 'Rückersweg', 'gut', 1220, 'barsch', '2017-02-18 22:32:31'),
(16748, 'Lexisstraße', 'gut', 1220, 'barsch', '2017-02-18 22:32:31'),
(16781, 'Barsbütteler Weg', 'gut', 1309, 'barsch', '2017-02-18 22:32:31'),
(16786, 'Rohrrammerweg', 'gut', 1246, 'barsch', '2017-02-18 22:32:31'),
(16846, 'Frischlingsteig', 'gut', 1309, 'barsch', '2017-02-18 22:32:31'),
(16856, 'Am Osdorfer Born', 'gut', 1246, 'barsch', '2017-02-18 22:32:31'),
(16883, 'Saalkamp', 'gut', 1296, 'barsch', '2017-02-18 22:32:31'),
(16900, 'Langenhorner Straße-West', 'gut', 1316, 'barsch', '2017-02-18 22:32:31'),
(16913, 'Hafen Kraftwerk Reuter', 'gut', 1094, 'barsch', '2017-02-18 22:32:31'),
(16925, 'Grässeweg', 'gut', 1195, 'barsch', '2017-02-18 22:32:31'),
(17014, 'Pinkertweg', 'gut', 1094, 'barsch', '2017-02-18 22:32:31'),
(17027, 'Wiesenkehre', 'gut', 1243, 'barsch', '2017-02-18 22:32:31'),
(17074, 'Moisburger Weg', 'gut', 1315, 'barsch', '2017-02-18 22:32:31'),
(17157, 'Wendenschloßbrücke', 'gut', 1309, 'barsch', '2017-02-18 22:32:31'),
(17172, 'Kriemhildstraße', 'gut', 1049, 'barsch', '2017-02-18 22:32:31'),
(17187, 'Zeuthener Weg', 'gut', 1094, 'barsch', '2017-02-18 22:32:31'),
(17192, 'Schünemannweg', 'gut', 1298, 'barsch', '2017-02-18 22:32:31'),
(17232, 'Siemenswerderweg', 'gut', 1274, 'barsch', '2017-02-18 22:32:31'),
(17244, 'Wisbyer Straße', 'gut', 1296, 'barsch', '2017-02-18 22:32:31'),
(17247, 'Weinmeisterstraße', 'gut', 1315, 'barsch', '2017-02-18 22:32:31'),
(17272, 'Otto-Krüger-Zeile', 'gut', 1243, 'barsch', '2017-02-18 22:32:31'),
(17283, 'Choriner Straße', 'gut', 1189, 'barsch', '2017-02-18 22:32:31'),
(17310, 'Kruckenbergstraße', 'gut', 1316, 'barsch', '2017-02-18 22:32:31'),
(17375, 'Malchiner Straße', 'gut', 1316, 'barsch', '2017-02-18 22:32:31'),
(17397, 'Steffens Weg', 'gut', 1309, 'barsch', '2017-02-18 22:32:31'),
(17398, 'Pfauenweg', 'gut', 1195, 'barsch', '2017-02-18 22:32:31'),
(17416, 'August-Druckenmüller-Brücke', 'gut', 1345, 'barsch', '2017-02-18 22:32:31'),
(17492, 'Kolonie Grüne Weide', 'gut', 1094, 'barsch', '2017-02-18 22:32:31'),
(17513, 'Im Allhorn', 'gut', 1189, 'barsch', '2017-02-18 22:32:31'),
(17559, 'Sandmeyerplatz', 'gut', 1220, 'barsch', '2017-02-18 22:32:31'),
(17561, 'Fruteweg', 'gut', 1379, 'barsch', '2017-02-18 22:32:31'),
(17579, 'Ystader Straße', 'gut', 1274, 'barsch', '2017-02-18 22:32:31'),
(17619, 'Robinienweg', 'gut', 1296, 'barsch', '2017-02-18 22:32:31'),
(17658, 'Abbé-Lemire-Weg', 'gut', 1316, 'barsch', '2017-02-18 22:32:31'),
(17664, 'Rennbahnstraße', 'gut', 1205, 'barsch', '2017-02-18 22:32:31'),
(17748, 'Teltower Schanze', 'gut', 1220, 'barsch', '2017-02-18 22:32:31'),
(17752, 'Hoher Berg', 'gut', 1144, 'barsch', '2017-02-18 22:32:31'),
(17781, 'Gitschiner Straße', 'gut', 1189, 'barsch', '2017-02-18 22:32:31'),
(17785, 'Elmenhorststraße', 'gut', 1082, 'barsch', '2017-02-18 22:32:31'),
(17789, 'Monschauer Weg', 'gut', 1384, 'barsch', '2017-02-18 22:32:31'),
(17795, 'Rüdesheimer Straße', 'gut', 1243, 'barsch', '2017-02-18 22:32:31'),
(17849, 'Schmidstraße', 'gut', 1309, 'barsch', '2017-02-18 22:32:31'),
(17894, 'Lindenufer', 'gut', 1049, 'barsch', '2017-02-18 22:32:31'),
(17984, 'Schultzweg', 'gut', 1049, 'barsch', '2017-02-18 22:32:31'),
(17993, 'Weitbrucher Straße', 'gut', 1384, 'barsch', '2017-02-18 22:32:31'),
(17994, 'Stemwarder Straße', 'gut', 1195, 'barsch', '2017-02-18 22:32:31'),
(18024, 'Nuscheweg', 'gut', 1274, 'barsch', '2017-02-18 22:32:31'),
(18047, 'Lutterothstraße  Stellingen ', 'gut', 1316, 'barsch', '2017-02-18 22:32:31'),
(18095, 'Innweg', 'gut', 1379, 'barsch', '2017-02-18 22:32:31'),
(18125, 'Heidebruch', 'gut', 1316, 'barsch', '2017-02-18 22:32:31'),
(18166, 'Hanielweg', 'gut', 1337, 'barsch', '2017-02-18 22:32:31'),
(18177, 'Kolonie Am Heidekampgraben', 'gut', 1094, 'barsch', '2017-02-18 22:32:31'),
(18262, 'Grüne Brücke', 'gut', 1384, 'barsch', '2017-02-18 22:32:31'),
(18281, 'Balkenstücken', 'gut', 1094, 'barsch', '2017-02-18 22:32:31'),
(18285, 'Bannwarthstraße', 'gut', 1223, 'barsch', '2017-02-18 22:32:31'),
(18291, 'Wartenburger Weg  Wandsbek ', 'gut', 1384, 'barsch', '2017-02-18 22:32:31'),
(18305, 'Cantalweg', 'gut', 1379, 'barsch', '2017-02-18 22:32:31'),
(18313, 'Schneegansweg', 'gut', 1337, 'barsch', '2017-02-18 22:32:31'),
(18368, 'Kolonie Falkenhöhe-Nord', 'gut', 1309, 'barsch', '2017-02-18 22:32:31'),
(18380, 'Kornbergstraße', 'gut', 1049, 'barsch', '2017-02-18 22:32:31'),
(18446, 'Basaltweg', 'gut', 1274, 'barsch', '2017-02-18 22:32:31'),
(18468, 'Grenobler Ring', 'gut', 1180, 'barsch', '2017-02-18 22:32:31'),
(18489, 'Erich-Boltze-Straße', 'gut', 1379, 'barsch', '2017-02-18 22:32:31'),
(18502, 'Haseneck', 'gut', 1345, 'barsch', '2017-02-18 22:32:31'),
(18508, 'Fußgängerbrücke Volkspark', 'gut', 1384, 'barsch', '2017-02-18 22:32:31'),
(18517, 'Schwabenplatz', 'gut', 1223, 'barsch', '2017-02-18 22:32:31'),
(18542, 'Stiegstück', 'gut', 1379, 'barsch', '2017-02-18 22:32:31'),
(18608, 'Kolonie Berg und Tal', 'gut', 1316, 'barsch', '2017-02-18 22:32:31'),
(18618, 'Oberhaardter Weg', 'gut', 1274, 'barsch', '2017-02-18 22:32:31'),
(18628, 'Wendenheidebrücke', 'gut', 1049, 'barsch', '2017-02-18 22:32:31'),
(18669, 'Rauweilersteig', 'gut', 1205, 'barsch', '2017-02-18 22:32:31'),
(18719, 'Langengrund', 'gut', 1274, 'barsch', '2017-02-18 22:32:31'),
(18739, 'Jungfernsteg', 'gut', 1384, 'barsch', '2017-02-18 22:32:31'),
(18760, 'Fernblick', 'gut', 1082, 'barsch', '2017-02-18 22:32:31'),
(18778, 'Dittersbacher Weg', 'gut', 1384, 'barsch', '2017-02-18 22:32:31'),
(18805, 'Max-Beer-Straße', 'gut', 1220, 'barsch', '2017-02-18 22:32:31'),
(18819, 'Hessische Straße', 'gut', 1345, 'barsch', '2017-02-18 22:32:31'),
(18837, 'Straße 175', 'gut', 1379, 'barsch', '2017-02-18 22:32:31'),
(18845, 'Eigene Scholle', 'gut', 1243, 'barsch', '2017-02-18 22:32:31'),
(18849, 'Eichenlohweg  Steilshoop ', 'gut', 1223, 'barsch', '2017-02-18 22:32:31'),
(18852, 'Hampsteadstraße', 'gut', 1243, 'barsch', '2017-02-18 22:32:31'),
(18859, 'Bredengrund', 'gut', 1243, 'barsch', '2017-02-18 22:32:31'),
(18887, 'Teerhof', 'gut', 1309, 'barsch', '2017-02-18 22:32:31'),
(18913, 'Pekrunstraße', 'gut', 1296, 'barsch', '2017-02-18 22:32:31'),
(18936, 'Distelfinkweg', 'gut', 1144, 'barsch', '2017-02-18 22:32:31'),
(18941, 'Fritz-Kirsch-Zeile', 'gut', 1384, 'barsch', '2017-02-18 22:32:31'),
(18971, 'Striepenweg', 'gut', 1189, 'barsch', '2017-02-18 22:32:31'),
(19007, 'Amselweg', 'gut', 1094, 'barsch', '2017-02-18 22:32:31'),
(19011, 'Kolonie Erholung', 'gut', 1315, 'barsch', '2017-02-18 22:32:31'),
(19030, 'Bullertweg', 'gut', 1082, 'barsch', '2017-02-18 22:32:31'),
(19046, 'Privatstraße 14', 'gut', 1315, 'barsch', '2017-02-18 22:32:31'),
(19048, 'Antonplatz', 'gut', 1298, 'barsch', '2017-02-18 22:32:31'),
(19081, 'Kniephofstraße', 'gut', 1082, 'barsch', '2017-02-18 22:32:31'),
(19091, 'Böttcherstraße', 'gut', 1220, 'barsch', '2017-02-18 22:32:31'),
(19092, 'Sandkamp', 'gut', 1298, 'barsch', '2017-02-18 22:32:31'),
(19113, 'Kalkhorster Straße', 'gut', 1345, 'barsch', '2017-02-18 22:32:31'),
(19130, 'Helmholtzplatz', 'gut', 1309, 'barsch', '2017-02-18 22:32:31'),
(19149, 'Wördemanns Weg', 'gut', 1384, 'barsch', '2017-02-18 22:32:31'),
(19184, 'Rominter Weg', 'gut', 1274, 'barsch', '2017-02-18 22:32:31'),
(19258, 'Brücke Teilestraße', 'gut', 1144, 'barsch', '2017-02-18 22:32:31'),
(19291, 'Caligariplatz', 'gut', 1345, 'barsch', '2017-02-18 22:32:31'),
(19329, 'Amboßweg', 'gut', 1379, 'barsch', '2017-02-18 22:32:31'),
(19346, 'Dammtorstraße', 'gut', 1379, 'barsch', '2017-02-18 22:32:31'),
(19356, 'Stolbergstraße', 'gut', 1180, 'barsch', '2017-02-18 22:32:31'),
(19379, 'Hubertusweg', 'gut', 1315, 'barsch', '2017-02-18 22:32:31'),
(19395, 'Kolonie Spreeaue', 'gut', 1220, 'barsch', '2017-02-18 22:32:31'),
(19415, 'Schildhornweg', 'gut', 1316, 'barsch', '2017-02-18 22:32:31'),
(19457, 'Hermann-Stöhr-Platz', 'gut', 1205, 'barsch', '2017-02-18 22:32:31'),
(19468, 'Dohnenstieg', 'gut', 1220, 'barsch', '2017-02-18 22:32:31'),
(19479, 'Edwin-C.-Diltz-Straße', 'gut', 1144, 'barsch', '2017-02-18 22:32:31'),
(19531, 'Gutenfelsstraße', 'gut', 1309, 'barsch', '2017-02-18 22:32:31'),
(19550, 'Behrensstraße', 'gut', 1309, 'barsch', '2017-02-18 22:32:31'),
(19555, 'Bürgipfad', 'gut', 1274, 'barsch', '2017-02-18 22:32:31'),
(19569, 'Hahnenkamp', 'gut', 1243, 'barsch', '2017-02-18 22:32:31'),
(19610, 'Kolonie Kühler Grund', 'gut', 1082, 'barsch', '2017-02-18 22:32:31'),
(19666, 'Eisenkrautweg', 'gut', 1049, 'barsch', '2017-02-18 22:32:31'),
(19676, 'Slevogtweg', 'gut', 1223, 'barsch', '2017-02-18 22:32:31'),
(19715, 'Feßlerstraße', 'gut', 1246, 'barsch', '2017-02-18 22:32:31'),
(19760, 'Halemweg', 'gut', 1094, 'barsch', '2017-02-18 22:32:31'),
(19780, 'Kolonie Marienglück', 'gut', 1082, 'barsch', '2017-02-18 22:32:31'),
(19801, 'Hegarstraße', 'gut', 1315, 'barsch', '2017-02-18 22:32:31'),
(19814, 'Lohwurt', 'gut', 1316, 'barsch', '2017-02-18 22:32:31'),
(19832, 'Dattelner Weg', 'gut', 1379, 'barsch', '2017-02-18 22:32:31'),
(19835, 'Kolonie Neu-Lübars', 'gut', 1180, 'barsch', '2017-02-18 22:32:31'),
(19857, 'Baumtwiete', 'gut', 1345, 'barsch', '2017-02-18 22:32:31'),
(19874, 'Eiswerder', 'gut', 1189, 'barsch', '2017-02-18 22:32:31'),
(19898, 'Großer Stern', 'gut', 1049, 'barsch', '2017-02-18 22:32:31'),
(19904, 'Wedellstraße', 'gut', 1205, 'barsch', '2017-02-18 22:32:31'),
(19916, 'Reinskamp ', 'gut', 1274, 'barsch', '2017-02-18 22:32:31'),
(19925, 'Bernhardsteinweg', 'gut', 1180, 'barsch', '2017-02-18 22:32:31'),
(19926, 'St. Anscharplatz', 'gut', 1309, 'barsch', '2017-02-18 22:32:31'),
(19933, 'Burchardplatz', 'gut', 1205, 'barsch', '2017-02-18 22:32:31'),
(19960, 'Straße 52a', 'gut', 1298, 'barsch', '2017-02-18 22:32:31'),
(19970, 'Zimmerpforte', 'gut', 1049, 'barsch', '2017-02-18 22:32:31'),
(19975, 'Rehmkoppelstieg', 'gut', 1205, 'barsch', '2017-02-18 22:32:31'),
(19990, 'Agnethaweg', 'gut', 1144, 'barsch', '2017-02-18 22:32:31'),
(19992, 'Schimmelreiterweg', 'gut', 1274, 'barsch', '2017-02-18 22:32:31'),
(19997, 'Zedernweg', 'gut', 1296, 'barsch', '2017-02-18 22:32:31'),
(20027, 'Michael-Bohnen-Ring', 'gut', 1205, 'barsch', '2017-02-18 22:32:31'),
(20060, 'Wischhofsweg', 'gut', 1298, 'barsch', '2017-02-18 22:32:31'),
(20070, 'Alte Königstraße', 'gut', 1384, 'barsch', '2017-02-18 22:32:31'),
(20090, 'Knappe Böge', 'gut', 1180, 'barsch', '2017-02-18 22:32:31'),
(20092, 'Marienhöhe  Blankenese ', 'gut', 1337, 'barsch', '2017-02-18 22:32:31'),
(20124, 'Kolonie Ostpreußendamm', 'gut', 1223, 'barsch', '2017-02-18 22:32:31'),
(20167, 'Wigandstaler Straße', 'gut', 1246, 'barsch', '2017-02-18 22:32:31'),
(20169, 'Bergstedter Chaussee', 'gut', 1195, 'barsch', '2017-02-18 22:32:31'),
(20171, 'Alardusstraße', 'gut', 1315, 'barsch', '2017-02-18 22:32:31'),
(20187, 'Bettina-von-Arnim-Ufer', 'gut', 1379, 'barsch', '2017-02-18 22:32:31'),
(20277, 'Tiergartentunnel', 'gut', 1195, 'barsch', '2017-02-18 22:32:31'),
(20280, 'Moorburger Ring', 'gut', 1195, 'barsch', '2017-02-18 22:32:31'),
(20343, 'Am Westerpark', 'gut', 1316, 'barsch', '2017-02-18 22:32:31'),
(20388, 'Straße 210', 'gut', 1243, 'barsch', '2017-02-18 22:32:31'),
(20433, 'Meisenheimer Straße', 'gut', 1337, 'barsch', '2017-02-18 22:32:31'),
(20441, 'Falkenried ', 'gut', 1337, 'barsch', '2017-02-18 22:32:31'),
(20444, 'Feldhoopstücken', 'gut', 1082, 'barsch', '2017-02-18 22:32:31'),
(20468, 'Fischbeker Heideweg', 'gut', 1345, 'barsch', '2017-02-18 22:32:31'),
(20507, 'Benittstraße', 'gut', 1296, 'barsch', '2017-02-18 22:32:31'),
(20535, 'Ahornstraße', 'gut', 1049, 'barsch', '2017-02-18 22:32:31'),
(20549, 'Hammerstraße', 'gut', 1345, 'barsch', '2017-02-18 22:32:31'),
(20556, 'Kolonie Am Bahndamm', 'gut', 1082, 'barsch', '2017-02-18 22:32:31'),
(20558, 'Hegelingenstieg', 'gut', 1223, 'barsch', '2017-02-18 22:32:31'),
(20590, 'An der Priesterkoppel', 'gut', 1144, 'barsch', '2017-02-18 22:32:31'),
(20621, 'Barkhausenweg', 'gut', 1379, 'barsch', '2017-02-18 22:32:31'),
(20626, 'Neue Wollkämmereistraße', 'gut', 1223, 'barsch', '2017-02-18 22:32:31'),
(20634, 'Gösselkoppel', 'gut', 1316, 'barsch', '2017-02-18 22:32:31'),
(20644, 'Brambuschweg', 'gut', 1180, 'barsch', '2017-02-18 22:32:31'),
(20652, 'Paddlerweg', 'gut', 1195, 'barsch', '2017-02-18 22:32:31'),
(20676, 'Verlängerte Koloniestraße', 'gut', 1220, 'barsch', '2017-02-18 22:32:31'),
(20701, 'Holländerberg', 'gut', 1205, 'barsch', '2017-02-18 22:32:31'),
(20718, 'Gänsewerder', 'gut', 1337, 'barsch', '2017-02-18 22:32:31'),
(20734, 'Orankeweg', 'gut', 1315, 'barsch', '2017-02-18 22:32:31'),
(20737, 'Otto-Speckter-Straße', 'gut', 1144, 'barsch', '2017-02-18 22:32:31'),
(20751, 'Hennenstieg', 'gut', 1316, 'barsch', '2017-02-18 22:32:31'),
(20755, 'Buschkrugbrücke', 'gut', 1243, 'barsch', '2017-02-18 22:32:31'),
(20759, 'Brommystraße', 'gut', 1337, 'barsch', '2017-02-18 22:32:31'),
(20784, 'Caroline-Herschel-Platz', 'gut', 1296, 'barsch', '2017-02-18 22:32:31'),
(20797, 'Neugrabener Heideweg', 'gut', 1180, 'barsch', '2017-02-18 22:32:31'),
(20808, 'Grothwisch', 'gut', 1345, 'barsch', '2017-02-18 22:32:31'),
(20816, 'Hoheneichen', 'gut', 1345, 'barsch', '2017-02-18 22:32:31'),
(20821, 'Altonaer Poststraße', 'gut', 1246, 'barsch', '2017-02-18 22:32:31'),
(20898, 'Reisfinkweg', 'gut', 1243, 'barsch', '2017-02-18 22:32:31'),
(20941, 'Neusurenland  Bramfeld ', 'gut', 1246, 'barsch', '2017-02-18 22:32:31'),
(20972, 'Schulberg', 'gut', 1223, 'barsch', '2017-02-18 22:32:31'),
(20984, 'Kattwykdamm  Wilhelmsburg ', 'gut', 1144, 'barsch', '2017-02-18 22:32:31'),
(20997, 'Kaisersteg', 'gut', 1049, 'barsch', '2017-02-18 22:32:31'),
(21051, 'Zeughausstraße', 'gut', 1180, 'barsch', '2017-02-18 22:32:31'),
(21066, 'Annastraße', 'gut', 1337, 'barsch', '2017-02-18 22:32:31'),
(21140, 'Borchertring', 'gut', 1309, 'barsch', '2017-02-18 22:32:31'),
(21165, 'Stindeweg', 'gut', 1337, 'barsch', '2017-02-18 22:32:31'),
(21208, 'Ernst-Bergeest-Weg  Eißendorf ', 'gut', 1144, 'barsch', '2017-02-18 22:32:31'),
(21217, 'Röländer Straße', 'gut', 1223, 'barsch', '2017-02-18 22:32:31'),
(21243, 'Michelbacher Zeile', 'gut', 1220, 'barsch', '2017-02-18 22:32:31'),
(21249, 'Heider Straße ', 'gut', 1379, 'barsch', '2017-02-18 22:32:31'),
(21253, 'Kehrum', 'gut', 1220, 'barsch', '2017-02-18 22:32:31'),
(21286, 'Koblenzer Straße', 'gut', 1094, 'barsch', '2017-02-18 22:32:31'),
(21331, 'Prinzregent-Ludwig-Brücke', 'gut', 1205, 'barsch', '2017-02-18 22:32:31'),
(21340, 'Taylorstraße', 'gut', 1144, 'barsch', '2017-02-18 22:32:31'),
(21343, 'Kroppenstedtweg', 'gut', 1246, 'barsch', '2017-02-18 22:32:31'),
(21370, 'Robert-Siewert-Straße', 'gut', 1094, 'barsch', '2017-02-18 22:32:31'),
(21390, 'Goldammerweg', 'gut', 1274, 'barsch', '2017-02-18 22:32:31'),
(21405, 'Nobelstraße', 'gut', 1274, 'barsch', '2017-02-18 22:32:31'),
(21407, 'Helmkrautstraße', 'gut', 1144, 'barsch', '2017-02-18 22:32:31'),
(21415, 'Straße 659', 'gut', 1082, 'barsch', '2017-02-18 22:32:31'),
(21422, 'Pappelweg', 'gut', 1296, 'barsch', '2017-02-18 22:32:31'),
(21423, 'Am Sonnenhügel', 'gut', 1345, 'barsch', '2017-02-18 22:32:31'),
(21454, 'Lin-Jaldati-Weg', 'gut', 1309, 'barsch', '2017-02-18 22:32:31'),
(21558, 'Kolonie Lerchenfeld', 'gut', 1315, 'barsch', '2017-02-18 22:32:31'),
(21561, 'Am Schlachtensee', 'gut', 1195, 'barsch', '2017-02-18 22:32:31'),
(21619, 'Ravenéstraße', 'gut', 1274, 'barsch', '2017-02-18 22:32:31'),
(21638, 'Kolonie Mosbacher Straße', 'gut', 1094, 'barsch', '2017-02-18 22:32:31'),
(21672, 'Theodor-Rumpel-Weg', 'gut', 1195, 'barsch', '2017-02-18 22:32:31'),
(21686, 'Milchgrund', 'gut', 1220, 'barsch', '2017-02-18 22:32:31'),
(21687, 'Gürtelstraße', 'gut', 1298, 'barsch', '2017-02-18 22:32:31'),
(21714, 'Rue Hyacinthe Vincent', 'gut', 1223, 'barsch', '2017-02-18 22:32:31'),
(21722, 'Dammbrücke ', 'gut', 1315, 'barsch', '2017-02-18 22:32:31'),
(21742, 'Kesselsdorfstraße', 'gut', 1082, 'barsch', '2017-02-18 22:32:31'),
(21753, 'Eidechsenstieg', 'gut', 1315, 'barsch', '2017-02-18 22:32:31'),
(21762, 'An der Hafenbahn', 'gut', 1274, 'barsch', '2017-02-18 22:32:31'),
(21824, 'Kreuzkirchenstieg', 'gut', 1049, 'barsch', '2017-02-18 22:32:31'),
(21832, 'Langenscheidtbrücke', 'gut', 1223, 'barsch', '2017-02-18 22:32:31'),
(21922, 'Herbstsweg', 'gut', 1384, 'barsch', '2017-02-18 22:32:31'),
(21928, 'Kolonie Alt-Ruhleben 1', 'gut', 1246, 'barsch', '2017-02-18 22:32:31'),
(21933, 'Holthusenstraße', 'gut', 1094, 'barsch', '2017-02-18 22:32:31'),
(21949, 'Stockumer Straße', 'gut', 1243, 'barsch', '2017-02-18 22:32:31'),
(21962, 'Intzestraße', 'gut', 1316, 'barsch', '2017-02-18 22:32:31'),
(22002, 'Kolonie Heerstraße', 'gut', 1315, 'barsch', '2017-02-18 22:32:31'),
(22040, 'Kaistraße  Ottensen ', 'gut', 1246, 'barsch', '2017-02-18 22:32:31'),
(22053, 'Kolonie Frohe Stunde', 'gut', 1345, 'barsch', '2017-02-18 22:32:31'),
(22076, 'Travemünder Straße', 'gut', 1246, 'barsch', '2017-02-18 22:32:31'),
(22122, 'Schwarzwaldstraße', 'gut', 1274, 'barsch', '2017-02-18 22:32:31'),
(22151, 'Wohltorfkamp', 'gut', 1379, 'barsch', '2017-02-18 22:32:31'),
(22168, 'Neufahrwasserweg', 'gut', 1315, 'barsch', '2017-02-18 22:32:31'),
(22173, 'Akazienstraße', 'gut', 1298, 'barsch', '2017-02-18 22:32:31'),
(22174, 'Heidkoppel', 'gut', 1082, 'barsch', '2017-02-18 22:32:31'),
(22191, 'Bremer Straße  Eißendorf ', 'gut', 1205, 'barsch', '2017-02-18 22:32:31'),
(22228, 'Wendts Weg', 'gut', 1379, 'barsch', '2017-02-18 22:32:31'),
(22236, 'Am Diebsteich', 'gut', 1049, 'barsch', '2017-02-18 22:32:31'),
(22253, 'Bergener Straße', 'gut', 1315, 'barsch', '2017-02-18 22:32:31'),
(22274, 'Sinstorfer Kirchweg', 'gut', 1223, 'barsch', '2017-02-18 22:32:31'),
(22279, 'Dranweg', 'gut', 1298, 'barsch', '2017-02-18 22:32:31'),
(22285, 'Rosa-Luxemburg-Straße', 'gut', 1220, 'barsch', '2017-02-18 22:32:31'),
(22310, 'Neptunsweg', 'gut', 1205, 'barsch', '2017-02-18 22:32:31'),
(22356, 'Rialtoring', 'gut', 1298, 'barsch', '2017-02-18 22:32:31'),
(22380, 'Schwedter Straße', 'gut', 1337, 'barsch', '2017-02-18 22:32:31'),
(22384, 'Gilgegrund', 'gut', 1180, 'barsch', '2017-02-18 22:32:31'),
(22425, 'Kolonie Neuland I', 'gut', 1379, 'barsch', '2017-02-18 22:32:31'),
(22467, 'Hogenestweg', 'gut', 1337, 'barsch', '2017-02-18 22:32:31'),
(22513, 'Siebenbrüderweide', 'gut', 1246, 'barsch', '2017-02-18 22:32:31'),
(22523, 'Reembusch', 'gut', 1223, 'barsch', '2017-02-18 22:32:31'),
(22539, 'Kleestraße', 'gut', 1094, 'barsch', '2017-02-18 22:32:31'),
(22579, 'Am Sprützmoorgraben', 'gut', 1296, 'barsch', '2017-02-18 22:32:31'),
(22596, 'Westendallee', 'gut', 1296, 'barsch', '2017-02-18 22:32:31'),
(22608, 'Heuertweg', 'gut', 1220, 'barsch', '2017-02-18 22:32:31'),
(22610, 'Gerickesteg', 'gut', 1189, 'barsch', '2017-02-18 22:32:31'),
(22617, 'Vienenburger Weg', 'gut', 1189, 'barsch', '2017-02-18 22:32:31'),
(22635, 'Weitzgründer Straße', 'gut', 1296, 'barsch', '2017-02-18 22:32:31'),
(22658, 'Emilie-Günther-Weg', 'gut', 1337, 'barsch', '2017-02-18 22:32:31'),
(22681, 'Billufer  Horn ', 'gut', 1316, 'barsch', '2017-02-18 22:32:31'),
(22788, 'Mulackstraße', 'gut', 1379, 'barsch', '2017-02-18 22:32:31'),
(22826, 'Straße 388', 'gut', 1223, 'barsch', '2017-02-18 22:32:31'),
(22875, 'Bahrendorfer Straße', 'gut', 1243, 'barsch', '2017-02-18 22:32:31'),
(22963, 'Pflügerstraße', 'gut', 1220, 'barsch', '2017-02-18 22:32:31'),
(22983, 'Hänsel-Gretel-Steig', 'gut', 1189, 'barsch', '2017-02-18 22:32:31'),
(22993, 'Brünschentwiete', 'gut', 1246, 'barsch', '2017-02-18 22:32:31'),
(23008, 'Stolzenfelsstraße', 'gut', 1223, 'barsch', '2017-02-18 22:32:31'),
(23020, 'Kolonie Neuland II', 'gut', 1274, 'barsch', '2017-02-18 22:32:31'),
(23067, 'Grützmachergraben-Brücke', 'gut', 1189, 'barsch', '2017-02-18 22:32:31'),
(23068, 'Kalckreuthweg', 'gut', 1220, 'barsch', '2017-02-18 22:32:31'),
(23080, 'Bergedorfer Straße', 'gut', 1315, 'barsch', '2017-02-18 22:32:31'),
(23083, 'Kolonie Frühauf-Aalemann', 'gut', 1205, 'barsch', '2017-02-18 22:32:31'),
(23107, 'Karstenstraße', 'gut', 1309, 'barsch', '2017-02-18 22:32:31'),
(23143, 'Feldkamp', 'gut', 1223, 'barsch', '2017-02-18 22:32:31'),
(23144, 'Gersweileraue', 'gut', 1205, 'barsch', '2017-02-18 22:32:31'),
(23150, 'Schlicksweg', 'gut', 1144, 'barsch', '2017-02-18 22:32:31'),
(23164, 'Piesporter Platz', 'gut', 1205, 'barsch', '2017-02-18 22:32:31'),
(23201, 'Kieselbronner Weg', 'gut', 1049, 'barsch', '2017-02-18 22:32:31'),
(23220, 'Kronenstraße', 'gut', 1337, 'barsch', '2017-02-18 22:32:31'),
(23258, 'Kolonie Scherbeneck', 'gut', 1296, 'barsch', '2017-02-18 22:32:31'),
(23281, 'Mattenhofstieg', 'gut', 1298, 'barsch', '2017-02-18 22:32:31'),
(23296, 'Röpraredder', 'gut', 1189, 'barsch', '2017-02-18 22:32:31'),
(23298, 'Knoopstraße', 'gut', 1180, 'barsch', '2017-02-18 22:32:31'),
(23311, 'Jules-Verne-Straße', 'gut', 1296, 'barsch', '2017-02-18 22:32:31'),
(23322, 'Kolonie Bienenheim', 'gut', 1298, 'barsch', '2017-02-18 22:32:31'),
(23328, 'Im Rühmt', 'gut', 1243, 'barsch', '2017-02-18 22:32:31'),
(23389, 'Kreetortring', 'gut', 1220, 'barsch', '2017-02-18 22:32:31'),
(23412, 'Reller', 'gut', 1309, 'barsch', '2017-02-18 22:32:31'),
(23471, 'Friedrich-Schöning-Weg', 'gut', 1379, 'barsch', '2017-02-18 22:32:31'),
(23476, 'Hoher Wallgraben', 'gut', 1315, 'barsch', '2017-02-18 22:32:31'),
(23539, 'Steenbalken', 'gut', 1379, 'barsch', '2017-02-18 22:32:31'),
(23547, 'Hirschfeldplatz  Harburg ', 'gut', 1144, 'barsch', '2017-02-18 22:32:31'),
(23568, 'Wurmsweg', 'gut', 1296, 'barsch', '2017-02-18 22:32:31'),
(23571, 'Kellerstraße', 'gut', 1243, 'barsch', '2017-02-18 22:32:31'),
(23612, 'Kolonie Bornholm II', 'gut', 1315, 'barsch', '2017-02-18 22:32:31'),
(23633, 'Lietzenseebrücke', 'gut', 1223, 'barsch', '2017-02-18 22:32:31'),
(23644, 'Doppheide', 'gut', 1243, 'barsch', '2017-02-18 22:32:31'),
(23661, 'Mimeweg', 'gut', 1274, 'barsch', '2017-02-18 22:32:31'),
(23663, 'Kranoldplatz', 'gut', 1223, 'barsch', '2017-02-18 22:32:31'),
(23729, 'Am Fischtal', 'gut', 1316, 'barsch', '2017-02-18 22:32:31'),
(23740, 'Marderweg', 'gut', 1316, 'barsch', '2017-02-18 22:32:31'),
(23790, 'Wiesenwinkel', 'gut', 1379, 'barsch', '2017-02-18 22:32:31'),
(23806, 'Estersstraße', 'gut', 1274, 'barsch', '2017-02-18 22:32:31'),
(23824, 'Sybelstraße', 'gut', 1316, 'barsch', '2017-02-18 22:32:31'),
(23834, 'Kolonie Kaisergarten', 'gut', 1345, 'barsch', '2017-02-18 22:32:31'),
(23850, 'Alte Franzosenheide', 'gut', 1309, 'barsch', '2017-02-18 22:32:31'),
(23943, 'Winterhuder Marktplatz', 'gut', 1189, 'barsch', '2017-02-18 22:32:31'),
(23945, 'Rotraut-Richter-Platz', 'gut', 1220, 'barsch', '2017-02-18 22:32:31'),
(23986, 'Waldkraiburger Straße', 'gut', 1309, 'barsch', '2017-02-18 22:32:31'),
(24007, 'Hohenheimer Straße', 'gut', 1243, 'barsch', '2017-02-18 22:32:31'),
(24019, 'Amalie-Dietrich-Stieg', 'gut', 1384, 'barsch', '2017-02-18 22:32:31'),
(24066, 'Möwenweg', 'gut', 1384, 'barsch', '2017-02-18 22:32:31'),
(24073, 'Louis-Blériot-Straße', 'gut', 1094, 'barsch', '2017-02-18 22:32:31'),
(24128, 'Großlohering', 'gut', 1205, 'barsch', '2017-02-18 22:32:31'),
(24139, 'Fußweg 475', 'gut', 1298, 'barsch', '2017-02-18 22:32:31'),
(24143, 'Arminiusstraße', 'gut', 1144, 'barsch', '2017-02-18 22:32:31'),
(24147, 'Oldesweg', 'gut', 1223, 'barsch', '2017-02-18 22:32:31'),
(24157, 'Gödeke-Michels-Weg', 'gut', 1384, 'barsch', '2017-02-18 22:32:31'),
(24162, 'Steinsperlingweg', 'gut', 1144, 'barsch', '2017-02-18 22:32:31'),
(24176, 'Siemenssteg', 'gut', 1246, 'barsch', '2017-02-18 22:32:31'),
(24205, 'Von-Halem-Straße', 'gut', 1220, 'barsch', '2017-02-18 22:32:31'),
(24219, 'Kolonie Seydlitzstraße', 'gut', 1274, 'barsch', '2017-02-18 22:32:31'),
(24227, 'Lühmannstraße', 'gut', 1223, 'barsch', '2017-02-18 22:32:31'),
(24260, 'Lehmbrookweg', 'gut', 1049, 'barsch', '2017-02-18 22:32:31'),
(24268, 'Kanzlerweg', 'gut', 1298, 'barsch', '2017-02-18 22:32:31'),
(24285, 'Parkstraße', 'gut', 1049, 'barsch', '2017-02-18 22:32:31'),
(24286, 'Im Holderstrauch ', 'gut', 1082, 'barsch', '2017-02-18 22:32:31'),
(24318, 'Mittlerer Landweg  Allermöhe ', 'gut', 1189, 'barsch', '2017-02-18 22:32:31'),
(24319, 'Gerhofstraße', 'gut', 1180, 'barsch', '2017-02-18 22:32:31'),
(24341, 'Neustädtische Kirchstraße', 'gut', 1345, 'barsch', '2017-02-18 22:32:31'),
(24366, 'Richard-Hilliges-Weg', 'gut', 1189, 'barsch', '2017-02-18 22:32:31'),
(24419, 'Voßhagen', 'gut', 1094, 'barsch', '2017-02-18 22:32:31'),
(24428, 'Dünenweg', 'gut', 1298, 'barsch', '2017-02-18 22:32:31'),
(24480, 'Wilhelm-Blume-Allee', 'gut', 1384, 'barsch', '2017-02-18 22:32:31'),
(24514, 'Kölpiner Straße', 'gut', 1243, 'barsch', '2017-02-18 22:32:31'),
(24524, 'Grashofweg', 'gut', 1345, 'barsch', '2017-02-18 22:32:31'),
(24533, 'Puterweg', 'gut', 1082, 'barsch', '2017-02-18 22:32:31'),
(24546, 'Klabautermannweg', 'gut', 1049, 'barsch', '2017-02-18 22:32:31'),
(24562, 'Stephaniweg', 'gut', 1337, 'barsch', '2017-02-18 22:32:31'),
(24588, 'Wangenheimsteg', 'gut', 1316, 'barsch', '2017-02-18 22:32:31'),
(24620, 'Kolonie Wiesengrund-Nord', 'gut', 1082, 'barsch', '2017-02-18 22:32:31'),
(24629, 'Roedenbecksteig', 'gut', 1316, 'barsch', '2017-02-18 22:32:31'),
(24631, 'Bohnsdorfer Kirchsteig', 'gut', 1309, 'barsch', '2017-02-18 22:32:31'),
(24658, 'Ölmühlenweg  Tonndorf ', 'gut', 1298, 'barsch', '2017-02-18 22:32:31'),
(24663, 'Kolonie Friedland 33', 'gut', 1195, 'barsch', '2017-02-18 22:32:31'),
(24693, 'Luckenwalder Straße', 'gut', 1315, 'barsch', '2017-02-18 22:32:31'),
(24703, 'Treitschkestraße', 'gut', 1189, 'barsch', '2017-02-18 22:32:31'),
(24710, 'Oberstraße 80 140', 'gut', 1094, 'barsch', '2017-02-18 22:32:31'),
(24741, 'Tizianstraße', 'gut', 1316, 'barsch', '2017-02-18 22:32:31'),
(24762, 'Fanny-Mendelssohn-Platz', 'gut', 1144, 'barsch', '2017-02-18 22:32:31'),
(24765, 'Elmtwiete', 'gut', 1082, 'barsch', '2017-02-18 22:32:31'),
(24785, 'Kolonie Wacholderheide', 'gut', 1144, 'barsch', '2017-02-18 22:32:31'),
(24797, 'Am Buckhornwald', 'gut', 1384, 'barsch', '2017-02-18 22:32:31'),
(24821, 'Ringelrosenweg', 'gut', 1049, 'barsch', '2017-02-18 22:32:31'),
(24828, 'Illstraße', 'gut', 1049, 'barsch', '2017-02-18 22:32:31'),
(24843, 'Platz der US Berlin Brigade', 'gut', 1049, 'barsch', '2017-02-18 22:32:31'),
(24882, 'Ihnestraße', 'gut', 1274, 'barsch', '2017-02-18 22:32:31'),
(24910, 'Am Maria-Jankowski-Park', 'gut', 1379, 'barsch', '2017-02-18 22:32:31'),
(24930, 'Augenfalterstraße', 'gut', 1243, 'barsch', '2017-02-18 22:32:31'),
(24952, 'Kreisstraße', 'gut', 1049, 'barsch', '2017-02-18 22:32:31'),
(24994, 'Eitel-Fritz-Straße', 'gut', 1316, 'barsch', '2017-02-18 22:32:31'),
(25018, 'Hoeftweg', 'gut', 1180, 'barsch', '2017-02-18 22:32:31'),
(25019, 'Freiherr-vom-Stein-Straße', 'gut', 1195, 'barsch', '2017-02-18 22:32:31'),
(25041, 'Michaelisstraße ', 'gut', 1296, 'barsch', '2017-02-18 22:32:31'),
(25061, 'Kolonie Gemeindeland Britz', 'gut', 1296, 'barsch', '2017-02-18 22:32:31'),
(25069, 'Claudiusstieg', 'gut', 1345, 'barsch', '2017-02-18 22:32:31'),
(25071, 'Wolfshorst', 'gut', 1315, 'barsch', '2017-02-18 22:32:31'),
(25127, 'Paulsborner Brücke', 'gut', 1337, 'barsch', '2017-02-18 22:32:31'),
(25171, 'Oranienburger Chaussee', 'gut', 1315, 'barsch', '2017-02-18 22:32:31'),
(25184, 'Stormsweg', 'gut', 1384, 'barsch', '2017-02-18 22:32:31'),
(25192, 'Weg 0', 'gut', 1180, 'barsch', '2017-02-18 22:32:31'),
(25211, 'Kronprinzendamm', 'gut', 1094, 'barsch', '2017-02-18 22:32:31'),
(25228, 'Am Berl', 'gut', 1094, 'barsch', '2017-02-18 22:32:31'),
(25248, 'Jahnplatz', 'gut', 1315, 'barsch', '2017-02-18 22:32:31'),
(25280, 'Brabanter Straße', 'gut', 1049, 'barsch', '2017-02-18 22:32:31'),
(25281, 'Sonnenallee', 'gut', 1082, 'barsch', '2017-02-18 22:32:31'),
(25291, 'Berliner Allee', 'gut', 1049, 'barsch', '2017-02-18 22:32:31'),
(25299, 'Albrecht-Thaer-Weg', 'gut', 1315, 'barsch', '2017-02-18 22:32:31'),
(25309, 'Krummhübler Straße', 'gut', 1316, 'barsch', '2017-02-18 22:32:31'),
(25332, 'Anna-Seghers-Straße', 'gut', 1316, 'barsch', '2017-02-18 22:32:31'),
(25340, 'Köderheide', 'gut', 1223, 'barsch', '2017-02-18 22:32:31'),
(25351, 'Grosseweg', 'gut', 1379, 'barsch', '2017-02-18 22:32:31'),
(25374, 'Alter Landweg', 'gut', 1243, 'barsch', '2017-02-18 22:32:31'),
(25376, 'Merkurring', 'gut', 1316, 'barsch', '2017-02-18 22:32:31'),
(25390, 'Müggellandstraße', 'gut', 1082, 'barsch', '2017-02-18 22:32:31'),
(25416, 'Hochrad', 'gut', 1309, 'barsch', '2017-02-18 22:32:31'),
(25453, 'Brauhofstraße', 'gut', 1316, 'barsch', '2017-02-18 22:32:31'),
(25498, 'Alter Teichweg  Barmbek-Süd ', 'gut', 1144, 'barsch', '2017-02-18 22:32:31'),
(25549, 'Heerbrook', 'gut', 1094, 'barsch', '2017-02-18 22:32:31'),
(25588, 'Trostbrücke', 'gut', 1298, 'barsch', '2017-02-18 22:32:31'),
(25594, 'Uferstraße  Barmbek-Süd ', 'gut', 1144, 'barsch', '2017-02-18 22:32:31'),
(25595, 'Fliednerweg', 'gut', 1049, 'barsch', '2017-02-18 22:32:31'),
(25629, 'Löwenstraße 36 62 und 53 81', 'gut', 1223, 'barsch', '2017-02-18 22:32:31'),
(25655, 'Kolloweg', 'gut', 1082, 'barsch', '2017-02-18 22:32:31'),
(25660, 'Wilhelmine-Gemberg-Weg', 'gut', 1345, 'barsch', '2017-02-18 22:32:31'),
(25662, 'Sagemühler Steig', 'gut', 1246, 'barsch', '2017-02-18 22:32:31'),
(25680, 'Eichtalstraße', 'gut', 1082, 'barsch', '2017-02-18 22:32:31'),
(25684, 'Kurländer Allee', 'gut', 1316, 'barsch', '2017-02-18 22:32:31'),
(25698, 'Kroneckerstraße', 'gut', 1049, 'barsch', '2017-02-18 22:32:31'),
(25715, 'Rüdigerstraße', 'gut', 1195, 'barsch', '2017-02-18 22:32:31'),
(25722, 'Hummelweg', 'gut', 1220, 'barsch', '2017-02-18 22:32:31'),
(25767, 'Teubnerweg', 'gut', 1189, 'barsch', '2017-02-18 22:32:31'),
(25770, 'Schleizer Straße', 'gut', 1384, 'barsch', '2017-02-18 22:32:31'),
(25832, 'Saalmannsteig', 'gut', 1296, 'barsch', '2017-02-18 22:32:31'),
(25834, 'Melitta-Schiller-Straße', 'gut', 1223, 'barsch', '2017-02-18 22:32:31'),
(25848, 'Cordesstraßenbrücke', 'gut', 1180, 'barsch', '2017-02-18 22:32:31'),
(25855, 'Furtredder ', 'gut', 1220, 'barsch', '2017-02-18 22:32:31'),
(25856, 'Reiherhoopweg', 'gut', 1223, 'barsch', '2017-02-18 22:32:31'),
(25893, 'Rollettplatz', 'gut', 1220, 'barsch', '2017-02-18 22:32:31'),
(25915, 'Halifaxweg', 'gut', 1246, 'barsch', '2017-02-18 22:32:31'),
(25918, 'Königstuhlweg', 'gut', 1082, 'barsch', '2017-02-18 22:32:31'),
(25972, 'Volksparkstraße', 'gut', 1205, 'barsch', '2017-02-18 22:32:31'),
(25979, 'Herrgottsapfelweg', 'gut', 1274, 'barsch', '2017-02-18 22:32:31');
INSERT INTO `storynode` (`index`, `name`, `text`, `chapter`, `owner`, `time`) VALUES
(25998, 'Kolonie Kressenweg', 'gut', 1220, 'barsch', '2017-02-18 22:32:31'),
(26000, 'Fleetdamm', 'gut', 1246, 'barsch', '2017-02-18 22:32:31'),
(26017, 'Kritenbarg', 'gut', 1246, 'barsch', '2017-02-18 22:32:31'),
(26087, 'Bärbelweg', 'gut', 1189, 'barsch', '2017-02-18 22:32:31'),
(26115, 'Berliner Tor', 'gut', 1298, 'barsch', '2017-02-18 22:32:31'),
(26222, 'Geraer Straße', 'gut', 1189, 'barsch', '2017-02-18 22:32:31'),
(26228, 'Prinz-Georg-Straße', 'gut', 1274, 'barsch', '2017-02-18 22:32:31'),
(26229, 'Alarichstraße', 'gut', 1049, 'barsch', '2017-02-18 22:32:31'),
(26364, 'Syrische Straße', 'gut', 1296, 'barsch', '2017-02-18 22:32:31'),
(26375, 'Kolonie Grünlandtal', 'gut', 1296, 'barsch', '2017-02-18 22:32:31'),
(26427, 'Paalende', 'gut', 1274, 'barsch', '2017-02-18 22:32:31'),
(26442, 'Teutoburger Platz', 'gut', 1205, 'barsch', '2017-02-18 22:32:31'),
(26493, 'Annemirl-Bauer-Platz', 'gut', 1220, 'barsch', '2017-02-18 22:32:31'),
(26499, 'Weidplan', 'gut', 1274, 'barsch', '2017-02-18 22:32:31'),
(26509, 'Schmidtkamp', 'gut', 1337, 'barsch', '2017-02-18 22:32:31'),
(26547, 'Storkower Straße', 'gut', 1144, 'barsch', '2017-02-18 22:32:31'),
(26558, 'Salierweg', 'gut', 1243, 'barsch', '2017-02-18 22:32:31'),
(26577, 'Hobeckweg', 'gut', 1274, 'barsch', '2017-02-18 22:32:31'),
(26582, 'Ramlerstraße', 'gut', 1205, 'barsch', '2017-02-18 22:32:31'),
(26594, 'Zikadenweg', 'gut', 1144, 'barsch', '2017-02-18 22:32:31'),
(26595, 'Am Hüllepfuhl', 'gut', 1309, 'barsch', '2017-02-18 22:32:31'),
(26679, 'Herrenhausstraße', 'gut', 1309, 'barsch', '2017-02-18 22:32:31'),
(26680, 'Krumminer Weg', 'gut', 1094, 'barsch', '2017-02-18 22:32:31'),
(26729, 'Kolonie Borussia', 'gut', 1243, 'barsch', '2017-02-18 22:32:31'),
(26737, 'Jelena-Santic-Friedenspark', 'gut', 1223, 'barsch', '2017-02-18 22:32:31'),
(26850, 'Brahmsallee Nr. 2 50 und 5 41', 'gut', 1315, 'barsch', '2017-02-18 22:32:31'),
(26853, 'Achtern Barls', 'gut', 1274, 'barsch', '2017-02-18 22:32:31'),
(26864, 'Lademannbogen', 'gut', 1243, 'barsch', '2017-02-18 22:32:31'),
(26884, 'Hochkalterweg', 'gut', 1195, 'barsch', '2017-02-18 22:32:31'),
(26896, 'Filmwerkeweg', 'gut', 1379, 'barsch', '2017-02-18 22:32:31'),
(26925, 'Julius-Brecht-Straße', 'gut', 1195, 'barsch', '2017-02-18 22:32:31'),
(26958, 'Pionierstraße', 'gut', 1296, 'barsch', '2017-02-18 22:32:31'),
(26970, 'Feininger Straße', 'gut', 1189, 'barsch', '2017-02-18 22:32:31'),
(26975, 'Kolonie Müllers Ruh', 'gut', 1205, 'barsch', '2017-02-18 22:32:31'),
(26991, 'Kolonie Waldschule', 'gut', 1315, 'barsch', '2017-02-18 22:32:31'),
(27021, 'Hirschparktreppe', 'gut', 1316, 'barsch', '2017-02-18 22:32:31'),
(27071, 'Sylter Weg', 'gut', 1094, 'barsch', '2017-02-18 22:32:31'),
(27090, 'Schneeberger Straße', 'gut', 1223, 'barsch', '2017-02-18 22:32:31'),
(27097, 'Grabensprung', 'gut', 1246, 'barsch', '2017-02-18 22:32:31'),
(27115, 'Gosselkoppel', 'gut', 1274, 'barsch', '2017-02-18 22:32:31'),
(27182, 'Öjendorfer Weg ', 'gut', 1223, 'barsch', '2017-02-18 22:32:31'),
(27186, 'Fanny-Elßler-Bogen', 'gut', 1296, 'barsch', '2017-02-18 22:32:31'),
(27192, 'Suevenstraße', 'gut', 1082, 'barsch', '2017-02-18 22:32:31'),
(27201, 'Rotkehlchenweg', 'gut', 1082, 'barsch', '2017-02-18 22:32:31'),
(27231, 'Kolonie Borsigaue', 'gut', 1296, 'barsch', '2017-02-18 22:32:31'),
(27270, 'Geffckenstraße', 'gut', 1296, 'barsch', '2017-02-18 22:32:31'),
(27279, 'Jägerfeldweg', 'gut', 1082, 'barsch', '2017-02-18 22:32:31'),
(27285, 'Lindower Straße', 'gut', 1205, 'barsch', '2017-02-18 22:32:31'),
(27303, 'Außenmühlenweg  Harburg ', 'gut', 1205, 'barsch', '2017-02-18 22:32:31'),
(27306, 'Hansastraße', 'gut', 1384, 'barsch', '2017-02-18 22:32:31'),
(27332, 'Werkring', 'gut', 1246, 'barsch', '2017-02-18 22:32:31'),
(27396, 'Rochowstraße', 'gut', 1049, 'barsch', '2017-02-18 22:32:31'),
(27439, 'Klempnergasse', 'gut', 1379, 'barsch', '2017-02-18 22:32:31'),
(27440, 'Nelkenstraße', 'gut', 1049, 'barsch', '2017-02-18 22:32:31'),
(27467, 'Rinntaler Steig', 'gut', 1337, 'barsch', '2017-02-18 22:32:31'),
(27495, 'Malplaquetstraße', 'gut', 1189, 'barsch', '2017-02-18 22:32:31'),
(27496, 'Behringstraße', 'gut', 1195, 'barsch', '2017-02-18 22:32:31'),
(27524, 'Haarmannweg', 'gut', 1296, 'barsch', '2017-02-18 22:32:31'),
(27526, 'Platz an der Eiche', 'gut', 1345, 'barsch', '2017-02-18 22:32:31'),
(27572, 'Knesebeckbrücke', 'gut', 1195, 'barsch', '2017-02-18 22:32:31'),
(27580, 'Tiecksweg', 'gut', 1189, 'barsch', '2017-02-18 22:32:31'),
(27609, 'Schwarzschildstraße', 'gut', 1337, 'barsch', '2017-02-18 22:32:31'),
(27616, 'Schneckenburgerstraße', 'gut', 1309, 'barsch', '2017-02-18 22:32:31'),
(27627, 'Ferdinands Höh', 'gut', 1379, 'barsch', '2017-02-18 22:32:31'),
(27633, 'Ekensunder Platz', 'gut', 1315, 'barsch', '2017-02-18 22:32:31'),
(27638, 'Kolonie An der Wupperstraße', 'gut', 1384, 'barsch', '2017-02-18 22:32:31'),
(27653, 'Dachdeckerweg', 'gut', 1296, 'barsch', '2017-02-18 22:32:31'),
(27655, 'Im Rosengrund', 'gut', 1345, 'barsch', '2017-02-18 22:32:31'),
(27686, 'Grundackerweg', 'gut', 1180, 'barsch', '2017-02-18 22:32:31'),
(27700, 'Osterrade', 'gut', 1195, 'barsch', '2017-02-18 22:32:31'),
(27711, 'Öschelbronner Weg', 'gut', 1315, 'barsch', '2017-02-18 22:32:31'),
(27751, 'Kleine Auguststraße', 'gut', 1309, 'barsch', '2017-02-18 22:32:31'),
(27764, 'Kelchstraße', 'gut', 1144, 'barsch', '2017-02-18 22:32:31'),
(27767, 'Simsonweg', 'gut', 1315, 'barsch', '2017-02-18 22:32:31'),
(27768, 'Am Vierstückenpfuhl', 'gut', 1345, 'barsch', '2017-02-18 22:32:31'),
(27809, 'Steenrehm', 'gut', 1384, 'barsch', '2017-02-18 22:32:31'),
(27811, 'Triglawbrücke', 'gut', 1082, 'barsch', '2017-02-18 22:32:31'),
(27853, 'Helga-Haase-Straße', 'gut', 1205, 'barsch', '2017-02-18 22:32:31'),
(27855, 'Dachsberg', 'gut', 1315, 'barsch', '2017-02-18 22:32:31'),
(27863, 'Hanstedter Stieg', 'gut', 1144, 'barsch', '2017-02-18 22:32:31'),
(27873, 'Albanstraße', 'gut', 1144, 'barsch', '2017-02-18 22:32:31'),
(27894, 'Kalischerstraße', 'gut', 1315, 'barsch', '2017-02-18 22:32:31'),
(27911, 'Landoltwegbrücke', 'gut', 1384, 'barsch', '2017-02-18 22:32:31'),
(27927, 'Ibisweg', 'gut', 1094, 'barsch', '2017-02-18 22:32:31'),
(27949, 'Dierksstegel', 'gut', 1243, 'barsch', '2017-02-18 22:32:31'),
(27950, 'Schalauer Straße', 'gut', 1298, 'barsch', '2017-02-18 22:32:31'),
(28008, 'Münsingerstraße', 'gut', 1246, 'barsch', '2017-02-18 22:32:31'),
(28018, 'Nixenweg', 'gut', 1189, 'barsch', '2017-02-18 22:32:31'),
(28023, 'Falkstätter Straße', 'gut', 1309, 'barsch', '2017-02-18 22:32:31'),
(28089, 'Kantatenweg', 'gut', 1296, 'barsch', '2017-02-18 22:32:31'),
(28115, 'Kiesgrube', 'gut', 1316, 'barsch', '2017-02-18 22:32:31'),
(28153, 'Vogelbeerstraße', 'gut', 1298, 'barsch', '2017-02-18 22:32:31'),
(28163, 'Am Travehafen', 'gut', 1180, 'barsch', '2017-02-18 22:32:31'),
(28178, 'Philosophenweg', 'gut', 1094, 'barsch', '2017-02-18 22:32:31'),
(28181, 'Straße der Pariser Kommune', 'gut', 1243, 'barsch', '2017-02-18 22:32:31'),
(28193, 'Buschwindröschenweg', 'gut', 1223, 'barsch', '2017-02-18 22:32:31'),
(28199, 'Elversweg', 'gut', 1223, 'barsch', '2017-02-18 22:32:31'),
(28240, 'Im Stubben', 'gut', 1195, 'barsch', '2017-02-18 22:32:31'),
(28242, 'Kolonie Gustavs Ruh 1', 'gut', 1205, 'barsch', '2017-02-18 22:32:31'),
(28249, 'Hein-Saß-Weg', 'gut', 1315, 'barsch', '2017-02-18 22:32:31'),
(28256, 'Spörgelweg', 'gut', 1189, 'barsch', '2017-02-18 22:32:31'),
(28259, 'Wehlauer Weg', 'gut', 1189, 'barsch', '2017-02-18 22:32:31'),
(28290, 'Hugo-Cassirer-Straße', 'gut', 1296, 'barsch', '2017-02-18 22:32:31'),
(28353, 'Stendaler Straße', 'gut', 1094, 'barsch', '2017-02-18 22:32:31'),
(28369, 'Rahmwerder Straße', 'gut', 1246, 'barsch', '2017-02-18 22:32:31'),
(28372, 'Riesenweg', 'gut', 1384, 'barsch', '2017-02-18 22:32:31'),
(28455, 'Parkringbrücke', 'gut', 1094, 'barsch', '2017-02-18 22:32:31'),
(28477, 'Arno-Philippsthal-Straße', 'gut', 1094, 'barsch', '2017-02-18 22:32:31'),
(28498, 'Hausvogteiplatz', 'gut', 1298, 'barsch', '2017-02-18 22:32:31'),
(28512, 'Arnoldstraße ', 'gut', 1379, 'barsch', '2017-02-18 22:32:31'),
(28543, 'Weinbergshöhe', 'gut', 1296, 'barsch', '2017-02-18 22:32:31'),
(28577, 'Hofweide', 'gut', 1379, 'barsch', '2017-02-18 22:32:31'),
(28586, 'Ernst-Ruska-Ufer', 'gut', 1223, 'barsch', '2017-02-18 22:32:31'),
(28589, 'Kolonie Luisengärten', 'gut', 1315, 'barsch', '2017-02-18 22:32:31'),
(28671, 'Höhentwiete', 'gut', 1049, 'barsch', '2017-02-18 22:32:31'),
(28674, 'Kürbissteig', 'gut', 1316, 'barsch', '2017-02-18 22:32:31'),
(28681, 'Hinter dem Gießhaus', 'gut', 1180, 'barsch', '2017-02-18 22:32:31'),
(28737, 'Teufelsseestraße', 'gut', 1205, 'barsch', '2017-02-18 22:32:31'),
(28763, 'Französische Straße', 'gut', 1379, 'barsch', '2017-02-18 22:32:31'),
(28777, 'Norderneyer Straße', 'gut', 1298, 'barsch', '2017-02-18 22:32:31'),
(28781, 'Wormser Straße', 'gut', 1298, 'barsch', '2017-02-18 22:32:31'),
(28782, 'Rotschwanzweg', 'gut', 1316, 'barsch', '2017-02-18 22:32:31'),
(28808, 'Niederstraße', 'gut', 1189, 'barsch', '2017-02-18 22:32:31'),
(28818, 'Hevellerweg', 'gut', 1195, 'barsch', '2017-02-18 22:32:31'),
(28820, 'Niebüller Weg', 'gut', 1337, 'barsch', '2017-02-18 22:32:31'),
(28838, 'Waltraudstraße', 'gut', 1205, 'barsch', '2017-02-18 22:32:31'),
(28847, 'Majoranweg', 'gut', 1274, 'barsch', '2017-02-18 22:32:31'),
(28857, 'Fanny-Hensel-Weg', 'gut', 1144, 'barsch', '2017-02-18 22:32:31'),
(28869, 'Stegerwaldstraße', 'gut', 1298, 'barsch', '2017-02-18 22:32:31'),
(28877, 'Teichhuhnsteig', 'gut', 1379, 'barsch', '2017-02-18 22:32:31'),
(28886, 'Am Moosbruch', 'gut', 1195, 'barsch', '2017-02-18 22:32:31'),
(28907, 'Schlinckstraße', 'gut', 1246, 'barsch', '2017-02-18 22:32:31'),
(28949, 'Kolonie Späthswalde', 'gut', 1205, 'barsch', '2017-02-18 22:32:31'),
(28955, 'Feldweg 65  Rissen ', 'gut', 1315, 'barsch', '2017-02-18 22:32:31'),
(28983, 'Waldhauswinkel', 'gut', 1180, 'barsch', '2017-02-18 22:32:31'),
(29012, 'Feldnerstraße', 'gut', 1205, 'barsch', '2017-02-18 22:32:31'),
(29034, 'Altglienicker Brücke', 'gut', 1195, 'barsch', '2017-02-18 22:32:31'),
(29076, 'Fingerstrauchweg', 'gut', 1082, 'barsch', '2017-02-18 22:32:31'),
(29086, 'Römerweg', 'gut', 1223, 'barsch', '2017-02-18 22:32:31'),
(29177, 'Oderberger Straße', 'gut', 1195, 'barsch', '2017-02-18 22:32:31'),
(29219, 'Barstraße', 'gut', 1195, 'barsch', '2017-02-18 22:32:31'),
(29258, 'Rhenaniastraße', 'gut', 1180, 'barsch', '2017-02-18 22:32:31'),
(29261, 'Goebelstraße', 'gut', 1296, 'barsch', '2017-02-18 22:32:31'),
(29276, 'Ferdinand-Beit-Straße', 'gut', 1180, 'barsch', '2017-02-18 22:32:31'),
(29294, 'Moorreye', 'gut', 1379, 'barsch', '2017-02-18 22:32:31');

-- --------------------------------------------------------

--
-- Tabellenstruktur für Tabelle `storynode_false`
--

CREATE TABLE IF NOT EXISTS `storynode_false` (
  `index` int(11) NOT NULL AUTO_INCREMENT,
  `name` varchar(30) COLLATE utf8_unicode_ci NOT NULL,
  `text` text COLLATE utf8_unicode_ci NOT NULL,
  `chapter` int(11) NOT NULL,
  `owner` varchar(30) COLLATE utf8_unicode_ci NOT NULL,
  `time` timestamp NOT NULL DEFAULT CURRENT_TIMESTAMP ON UPDATE CURRENT_TIMESTAMP,
  PRIMARY KEY (`index`)
) ENGINE=InnoDB  DEFAULT CHARSET=utf8 COLLATE=utf8_unicode_ci AUTO_INCREMENT=29295 ;

--
-- Daten für Tabelle `storynode_false`
--

INSERT INTO `storynode_false` (`index`, `name`, `text`, `chapter`, `owner`, `time`) VALUES
(10019, 'Keuperweg', 'gut', 1309, 'barsch', '2017-02-18 22:31:43'),
(10107, 'Döhrntwiete', 'gut', 1243, 'barsch', '2017-02-18 22:31:43'),
(10257, 'Stuhlmannstraße', 'gut', 1384, 'barsch', '2017-02-18 22:31:43'),
(10282, 'Else-Rauch-Platz', 'gut', 1337, 'barsch', '2017-02-18 22:31:43'),
(10364, 'Giesestraße', 'gut', 1309, 'barsch', '2017-02-18 22:31:43'),
(10372, 'Baben-Brandheid', 'gut', 1345, 'barsch', '2017-02-18 22:31:43'),
(10383, 'Kleine Andreasstraße', 'gut', 1180, 'barsch', '2017-02-18 22:31:43'),
(10457, 'Kreienkoppel', 'gut', 1082, 'barsch', '2017-02-18 22:31:43'),
(10554, 'Egestorffstraße', 'gut', 1296, 'barsch', '2017-02-18 22:31:43'),
(10555, 'Priorter Weg', 'gut', 1379, 'barsch', '2017-02-18 22:31:43'),
(10686, 'Hochhausweg', 'gut', 1243, 'barsch', '2017-02-18 22:31:43'),
(10888, 'Borkumer Straße', 'gut', 1082, 'barsch', '2017-02-18 22:31:43'),
(11022, 'Puvogel-Garten', 'gut', 1298, 'barsch', '2017-02-18 22:31:43'),
(11062, 'Zeunepromenade', 'gut', 1298, 'barsch', '2017-02-18 22:31:43'),
(11077, 'Pfarrer-Lenzel-Straße', 'gut', 1180, 'barsch', '2017-02-18 22:31:43'),
(11117, 'Polierweg', 'gut', 1337, 'barsch', '2017-02-18 22:31:43'),
(11152, 'Langbergring', 'gut', 1049, 'barsch', '2017-02-18 22:31:43'),
(11248, 'Ortelsburger Allee', 'gut', 1243, 'barsch', '2017-02-18 22:31:43'),
(11289, 'Lütt Sahl', 'gut', 1337, 'barsch', '2017-02-18 22:31:43'),
(11309, 'Büsingstraße', 'gut', 1189, 'barsch', '2017-02-18 22:31:43'),
(11332, 'Lichtensteinallee', 'gut', 1298, 'barsch', '2017-02-18 22:31:43'),
(11400, 'Beim Lüdmoorgraben', 'gut', 1195, 'barsch', '2017-02-18 22:31:43'),
(11474, 'Saselbekstraße', 'gut', 1049, 'barsch', '2017-02-18 22:31:43'),
(11603, 'Preiselbeerweg', 'gut', 1337, 'barsch', '2017-02-18 22:31:43'),
(11709, 'Lindenstraße', 'gut', 1316, 'barsch', '2017-02-18 22:31:43'),
(11954, 'Karl-Kunger-Straße', 'gut', 1243, 'barsch', '2017-02-18 22:31:43'),
(11997, 'Lehmheide', 'gut', 1220, 'barsch', '2017-02-18 22:31:43'),
(12226, 'Danziger Straße', 'gut', 1189, 'barsch', '2017-02-18 22:31:43'),
(12304, 'Bellealliancestraße', 'gut', 1316, 'barsch', '2017-02-18 22:31:43'),
(12490, 'Katharina-Heinroth-Ufer', 'gut', 1243, 'barsch', '2017-02-18 22:31:43'),
(12653, 'Nollendorfstraße', 'gut', 1195, 'barsch', '2017-02-18 22:31:43'),
(12684, 'Alsterblick', 'gut', 1094, 'barsch', '2017-02-18 22:31:43'),
(12707, 'Adolph-Schönfelder-Straße', 'gut', 1345, 'barsch', '2017-02-18 22:31:43'),
(12724, 'Achterschlag  Bergedorf ', 'gut', 1379, 'barsch', '2017-02-18 22:31:43'),
(12798, 'Maisweg', 'gut', 1195, 'barsch', '2017-02-18 22:31:43'),
(12853, 'Meilerstraße', 'gut', 1082, 'barsch', '2017-02-18 22:31:43'),
(12877, 'Davidstraße', 'gut', 1345, 'barsch', '2017-02-18 22:31:43'),
(12889, 'Roßberg', 'gut', 1384, 'barsch', '2017-02-18 22:31:43'),
(12981, 'Helgiweg', 'gut', 1180, 'barsch', '2017-02-18 22:31:43'),
(13001, 'Erdkampsweg', 'gut', 1243, 'barsch', '2017-02-18 22:31:43'),
(13088, 'Rethkoppel', 'gut', 1205, 'barsch', '2017-02-18 22:31:43'),
(13142, 'Hindenburgstraße  Winterhude ', 'gut', 1337, 'barsch', '2017-02-18 22:31:43'),
(13162, 'Hüttenweg', 'gut', 1049, 'barsch', '2017-02-18 22:31:43'),
(13215, 'Warburgzeile', 'gut', 1296, 'barsch', '2017-02-18 22:31:43'),
(13216, 'Siebenschön', 'gut', 1246, 'barsch', '2017-02-18 22:31:43'),
(13251, 'Egsdorfer Weg', 'gut', 1223, 'barsch', '2017-02-18 22:31:43'),
(13383, 'Kolonie Kelchstraße', 'gut', 1316, 'barsch', '2017-02-18 22:31:43'),
(13414, 'Amrumer Knick', 'gut', 1220, 'barsch', '2017-02-18 22:31:43'),
(13486, 'Wildganssteig', 'gut', 1094, 'barsch', '2017-02-18 22:31:43'),
(13579, 'Junostraße', 'gut', 1049, 'barsch', '2017-02-18 22:31:43'),
(13756, 'Aristotelessteig', 'gut', 1345, 'barsch', '2017-02-18 22:31:43'),
(13759, 'Buchenring', 'gut', 1246, 'barsch', '2017-02-18 22:31:43'),
(13819, 'Scharpenbargsweg  Hausbruch ', 'gut', 1379, 'barsch', '2017-02-18 22:31:43'),
(14004, 'Ragower Weg', 'gut', 1082, 'barsch', '2017-02-18 22:31:43'),
(14018, 'Wullenweberstraße', 'gut', 1246, 'barsch', '2017-02-18 22:31:43'),
(14281, 'Franz-Cornelsen-Weg', 'gut', 1298, 'barsch', '2017-02-18 22:31:43'),
(14453, 'Hamelausweg', 'gut', 1205, 'barsch', '2017-02-18 22:31:43'),
(14529, 'Ollenhauerstraße', 'gut', 1246, 'barsch', '2017-02-18 22:31:43'),
(14571, 'Dehnhaide  Barmbek-Süd ', 'gut', 1316, 'barsch', '2017-02-18 22:31:43'),
(14587, 'Rellstabweg', 'gut', 1298, 'barsch', '2017-02-18 22:31:43'),
(14633, 'Kottbusser Straße', 'gut', 1220, 'barsch', '2017-02-18 22:31:43'),
(14688, 'Markircher Weg', 'gut', 1144, 'barsch', '2017-02-18 22:31:43'),
(14776, 'Haßfurter Weg', 'gut', 1205, 'barsch', '2017-02-18 22:31:43'),
(14800, 'Regattastraße', 'gut', 1220, 'barsch', '2017-02-18 22:31:43'),
(14803, 'Kniprodestraße', 'gut', 1379, 'barsch', '2017-02-18 22:31:43'),
(14804, 'Arberstraße', 'gut', 1189, 'barsch', '2017-02-18 22:31:43'),
(14808, 'Sparnecker Weg', 'gut', 1195, 'barsch', '2017-02-18 22:31:43'),
(14938, 'Wittreem  Farmsen-Berne ', 'gut', 1337, 'barsch', '2017-02-18 22:31:43'),
(15010, 'Droysenstraße', 'gut', 1246, 'barsch', '2017-02-18 22:31:43'),
(15011, 'Brandts Weg', 'gut', 1223, 'barsch', '2017-02-18 22:31:43'),
(15062, 'Rönneburger Freiheit', 'gut', 1220, 'barsch', '2017-02-18 22:31:43'),
(15089, 'Schwengelkamp', 'gut', 1144, 'barsch', '2017-02-18 22:31:43'),
(15157, 'Lupinenweg', 'gut', 1189, 'barsch', '2017-02-18 22:31:43'),
(15312, 'Nelkenweg', 'gut', 1243, 'barsch', '2017-02-18 22:31:43'),
(15370, 'Daimlerstraße', 'gut', 1195, 'barsch', '2017-02-18 22:31:43'),
(15413, 'Chodowieckistraße', 'gut', 1205, 'barsch', '2017-02-18 22:31:43'),
(15424, 'Baumfalkenweg', 'gut', 1298, 'barsch', '2017-02-18 22:31:43'),
(15610, 'Fischerinsel', 'gut', 1345, 'barsch', '2017-02-18 22:31:43'),
(15625, 'Dualastraße', 'gut', 1274, 'barsch', '2017-02-18 22:31:43'),
(15673, 'Frank-Zappa-Straße', 'gut', 1243, 'barsch', '2017-02-18 22:31:43'),
(15682, 'Am Altenwerder Kirchtal', 'gut', 1274, 'barsch', '2017-02-18 22:31:43'),
(15889, 'Luruper Chaussee', 'gut', 1316, 'barsch', '2017-02-18 22:31:43'),
(15953, 'Kurt-Weill-Platz', 'gut', 1345, 'barsch', '2017-02-18 22:31:43'),
(15985, 'Alter Fährweg', 'gut', 1246, 'barsch', '2017-02-18 22:31:43'),
(16039, 'Kartoffelsteig', 'gut', 1274, 'barsch', '2017-02-18 22:31:43'),
(16160, 'Kolonie Waldheim', 'gut', 1094, 'barsch', '2017-02-18 22:31:43'),
(16303, 'Weddestraße', 'gut', 1379, 'barsch', '2017-02-18 22:31:43'),
(16382, 'Töpfertwiete', 'gut', 1345, 'barsch', '2017-02-18 22:31:43'),
(16494, 'Erbacher Straße', 'gut', 1082, 'barsch', '2017-02-18 22:31:43'),
(16721, 'Wuthenowstraße', 'gut', 1296, 'barsch', '2017-02-18 22:31:43'),
(16733, 'Großbeerenbrücke', 'gut', 1384, 'barsch', '2017-02-18 22:31:43'),
(16790, 'Ida-Wolff-Platz', 'gut', 1246, 'barsch', '2017-02-18 22:31:43'),
(16835, 'Göschenstraße', 'gut', 1337, 'barsch', '2017-02-18 22:31:43'),
(16958, 'Otto-Erich-Straße', 'gut', 1223, 'barsch', '2017-02-18 22:31:43'),
(17058, 'Gartenfrieden', 'gut', 1379, 'barsch', '2017-02-18 22:31:43'),
(17105, 'Heimstraße', 'gut', 1316, 'barsch', '2017-02-18 22:31:43'),
(17150, 'Fuhlsbüttler Straße  Ohlsdorf ', 'gut', 1144, 'barsch', '2017-02-18 22:31:43'),
(17249, 'Am Kanal', 'gut', 1243, 'barsch', '2017-02-18 22:31:43'),
(17269, 'Singerstraße', 'gut', 1379, 'barsch', '2017-02-18 22:31:43'),
(17350, 'Monbijouplatz', 'gut', 1094, 'barsch', '2017-02-18 22:31:43'),
(17378, 'Jarrestraße', 'gut', 1243, 'barsch', '2017-02-18 22:31:43'),
(17574, 'Kreutzigerstraße', 'gut', 1220, 'barsch', '2017-02-18 22:31:43'),
(17593, 'Zeughausmarkt', 'gut', 1345, 'barsch', '2017-02-18 22:31:43'),
(17633, 'Weizenweg', 'gut', 1243, 'barsch', '2017-02-18 22:31:43'),
(17678, 'Bürknersfelder Straße', 'gut', 1180, 'barsch', '2017-02-18 22:31:43'),
(17768, 'Steinträgerweg', 'gut', 1246, 'barsch', '2017-02-18 22:31:43'),
(17800, 'Taldorfer Weg', 'gut', 1243, 'barsch', '2017-02-18 22:31:43'),
(17819, 'Gimpelsteig', 'gut', 1189, 'barsch', '2017-02-18 22:31:43'),
(17865, 'Grubenstieg', 'gut', 1082, 'barsch', '2017-02-18 22:31:43'),
(17988, 'Hannah-Arendt-Straße', 'gut', 1274, 'barsch', '2017-02-18 22:31:43'),
(17999, 'Kolonie Am Diedersdorfer Weg', 'gut', 1315, 'barsch', '2017-02-18 22:31:43'),
(18073, 'Silbersackstraße', 'gut', 1220, 'barsch', '2017-02-18 22:31:43'),
(18113, 'Dischingerbrücke', 'gut', 1379, 'barsch', '2017-02-18 22:31:43'),
(18144, 'Mercedesstraße', 'gut', 1049, 'barsch', '2017-02-18 22:31:43'),
(18205, 'Schirmvogelweg', 'gut', 1345, 'barsch', '2017-02-18 22:31:43'),
(18210, 'Chantiéweg', 'gut', 1345, 'barsch', '2017-02-18 22:31:43'),
(18244, 'Bisamweg', 'gut', 1243, 'barsch', '2017-02-18 22:31:43'),
(18254, 'Tunnkoppelstieg', 'gut', 1345, 'barsch', '2017-02-18 22:31:43'),
(18364, 'Mazetstraße', 'gut', 1049, 'barsch', '2017-02-18 22:31:43'),
(18452, 'Hoiruper Straße', 'gut', 1082, 'barsch', '2017-02-18 22:31:43'),
(18520, 'Straße 38', 'gut', 1189, 'barsch', '2017-02-18 22:31:43'),
(18603, 'Barbenweg', 'gut', 1379, 'barsch', '2017-02-18 22:31:43'),
(18682, 'Salzachstraße', 'gut', 1315, 'barsch', '2017-02-18 22:31:43'),
(18715, 'Richard-Wagner-Platz', 'gut', 1345, 'barsch', '2017-02-18 22:31:43'),
(18769, 'Jungfrauenthal', 'gut', 1296, 'barsch', '2017-02-18 22:31:43'),
(18790, 'Kellerwaldweg', 'gut', 1316, 'barsch', '2017-02-18 22:31:43'),
(18831, 'Hongkongstraße', 'gut', 1094, 'barsch', '2017-02-18 22:31:43'),
(18991, 'Bertolt-Brecht-Platz', 'gut', 1384, 'barsch', '2017-02-18 22:31:43'),
(19054, 'Anisweg', 'gut', 1205, 'barsch', '2017-02-18 22:31:43'),
(19141, 'Fährallee', 'gut', 1144, 'barsch', '2017-02-18 22:31:43'),
(19199, 'Barmbeker Markt', 'gut', 1082, 'barsch', '2017-02-18 22:31:43'),
(19223, 'Roßlauer Straße', 'gut', 1298, 'barsch', '2017-02-18 22:31:43'),
(19315, 'Mainauer Straße', 'gut', 1243, 'barsch', '2017-02-18 22:31:43'),
(19473, 'Kühler Weg', 'gut', 1094, 'barsch', '2017-02-18 22:31:43'),
(19502, 'Cité Guynemer', 'gut', 1337, 'barsch', '2017-02-18 22:31:43'),
(19592, 'Schattenweg', 'gut', 1205, 'barsch', '2017-02-18 22:31:43'),
(19712, 'Engernweg', 'gut', 1337, 'barsch', '2017-02-18 22:31:43'),
(19831, 'Achillesstraße', 'gut', 1220, 'barsch', '2017-02-18 22:31:43'),
(19883, 'Mönchsapfelweg', 'gut', 1379, 'barsch', '2017-02-18 22:31:43'),
(19889, 'Tangermünder Straße', 'gut', 1246, 'barsch', '2017-02-18 22:31:43'),
(19919, 'Kolonie Möllersfelder Weg', 'gut', 1379, 'barsch', '2017-02-18 22:31:43'),
(19954, 'Minkwitzweg', 'gut', 1246, 'barsch', '2017-02-18 22:31:43'),
(19959, 'Saaler Bogen', 'gut', 1094, 'barsch', '2017-02-18 22:31:43'),
(20003, 'Oybinweg', 'gut', 1049, 'barsch', '2017-02-18 22:31:43'),
(20043, 'Widukindstraße', 'gut', 1243, 'barsch', '2017-02-18 22:31:43'),
(20045, 'Caroline-Tübbecke-Ufer', 'gut', 1189, 'barsch', '2017-02-18 22:31:43'),
(20053, 'Niflandring', 'gut', 1345, 'barsch', '2017-02-18 22:31:43'),
(20067, 'Max-Eichholz-Ring', 'gut', 1315, 'barsch', '2017-02-18 22:31:43'),
(20102, 'Fleschweg', 'gut', 1316, 'barsch', '2017-02-18 22:31:43'),
(20210, 'Keitumer Weg', 'gut', 1379, 'barsch', '2017-02-18 22:31:43'),
(20252, 'Aalkrautweg', 'gut', 1384, 'barsch', '2017-02-18 22:31:43'),
(20349, 'Kremnitzufer', 'gut', 1049, 'barsch', '2017-02-18 22:31:43'),
(20572, 'Binderstraße ', 'gut', 1384, 'barsch', '2017-02-18 22:31:43'),
(20668, 'In de Bargen  Blankenese ', 'gut', 1243, 'barsch', '2017-02-18 22:31:43'),
(20822, 'Neuländer Kamp', 'gut', 1180, 'barsch', '2017-02-18 22:31:43'),
(21045, 'Hohenwischer Straße', 'gut', 1315, 'barsch', '2017-02-18 22:31:43'),
(21159, 'Gehlenkamp', 'gut', 1220, 'barsch', '2017-02-18 22:31:43'),
(21180, 'Berthastraße', 'gut', 1220, 'barsch', '2017-02-18 22:31:43'),
(21242, 'Fritzi-Massary-Straße', 'gut', 1337, 'barsch', '2017-02-18 22:31:43'),
(21273, 'Worpsweder Straße', 'gut', 1243, 'barsch', '2017-02-18 22:31:43'),
(21317, 'Frohmestraße ', 'gut', 1094, 'barsch', '2017-02-18 22:31:43'),
(21383, 'Am Berner Wald  Farmsen-Berne ', 'gut', 1384, 'barsch', '2017-02-18 22:31:43'),
(21388, 'Wandsbeker Schützenhof', 'gut', 1220, 'barsch', '2017-02-18 22:31:43'),
(21477, 'Passenheimer Brücke', 'gut', 1298, 'barsch', '2017-02-18 22:31:43'),
(21520, 'Nettelhof', 'gut', 1189, 'barsch', '2017-02-18 22:31:43'),
(21769, 'Beim Reisenstein', 'gut', 1309, 'barsch', '2017-02-18 22:31:43'),
(21939, 'Johann-Kröger-Straße', 'gut', 1094, 'barsch', '2017-02-18 22:31:43'),
(21953, 'Alte Elbgaustraße', 'gut', 1094, 'barsch', '2017-02-18 22:31:43'),
(21979, 'Skandinavische Straße', 'gut', 1384, 'barsch', '2017-02-18 22:31:43'),
(22000, 'Akademieplatz', 'gut', 1082, 'barsch', '2017-02-18 22:31:43'),
(22012, 'Stiller Weg', 'gut', 1337, 'barsch', '2017-02-18 22:31:43'),
(22031, 'Pritzhagener Weg', 'gut', 1243, 'barsch', '2017-02-18 22:31:43'),
(22109, 'Shanghaiallee', 'gut', 1144, 'barsch', '2017-02-18 22:31:43'),
(22207, 'Goebenstraße  Hoheluft-West ', 'gut', 1246, 'barsch', '2017-02-18 22:31:43'),
(22288, 'Ehrenfelder Platz', 'gut', 1189, 'barsch', '2017-02-18 22:31:43'),
(22306, 'Frieda-Seidlitz-Straße', 'gut', 1384, 'barsch', '2017-02-18 22:31:43'),
(22319, 'Krampengrund', 'gut', 1049, 'barsch', '2017-02-18 22:31:43'),
(22353, 'Andersenweg', 'gut', 1205, 'barsch', '2017-02-18 22:31:43'),
(22365, 'Minnerweg  Hausbruch ', 'gut', 1223, 'barsch', '2017-02-18 22:31:43'),
(22518, 'Wurzener Straße', 'gut', 1180, 'barsch', '2017-02-18 22:31:43'),
(22551, 'Maiglöckchenweg', 'gut', 1384, 'barsch', '2017-02-18 22:31:43'),
(22618, 'Isenburger Weg', 'gut', 1337, 'barsch', '2017-02-18 22:31:43'),
(22877, 'Björnsonstraße', 'gut', 1316, 'barsch', '2017-02-18 22:31:43'),
(23074, 'Mümmelmannweg', 'gut', 1309, 'barsch', '2017-02-18 22:31:43'),
(23222, 'Lottbekkamp', 'gut', 1180, 'barsch', '2017-02-18 22:31:43'),
(23246, 'Rehmbrook', 'gut', 1316, 'barsch', '2017-02-18 22:31:43'),
(23252, 'Gertrud-Bäumer-Stieg', 'gut', 1094, 'barsch', '2017-02-18 22:31:43'),
(23291, 'Pinneberger Weg', 'gut', 1082, 'barsch', '2017-02-18 22:31:43'),
(23373, 'Hufelandstraße', 'gut', 1316, 'barsch', '2017-02-18 22:31:43'),
(23377, 'Dürergärten', 'gut', 1246, 'barsch', '2017-02-18 22:31:43'),
(23437, 'Zur Marktflagge', 'gut', 1296, 'barsch', '2017-02-18 22:31:43'),
(23538, 'Moorfleeter Schleusenweg', 'gut', 1189, 'barsch', '2017-02-18 22:31:43'),
(23624, 'Karl-Holtz-Straße', 'gut', 1345, 'barsch', '2017-02-18 22:31:43'),
(23634, 'Kiefernberg', 'gut', 1246, 'barsch', '2017-02-18 22:31:43'),
(23867, 'Speerweg', 'gut', 1246, 'barsch', '2017-02-18 22:31:43'),
(23875, 'Letteplatz', 'gut', 1298, 'barsch', '2017-02-18 22:31:43'),
(23896, 'Rodenbergstraße', 'gut', 1309, 'barsch', '2017-02-18 22:31:43'),
(23933, 'Kickbuschweg', 'gut', 1345, 'barsch', '2017-02-18 22:31:43'),
(23961, 'Heinrich-Seidel-Straße', 'gut', 1298, 'barsch', '2017-02-18 22:31:43'),
(23964, 'Schulenbeksweg', 'gut', 1316, 'barsch', '2017-02-18 22:31:43'),
(23987, 'Grot Sahl', 'gut', 1195, 'barsch', '2017-02-18 22:31:43'),
(24090, 'Sommerweg', 'gut', 1180, 'barsch', '2017-02-18 22:31:43'),
(24121, 'Kolonie Barnet', 'gut', 1195, 'barsch', '2017-02-18 22:31:43'),
(24149, 'Kleine Jägerstraße', 'gut', 1316, 'barsch', '2017-02-18 22:31:43'),
(24151, 'Jungborn', 'gut', 1298, 'barsch', '2017-02-18 22:31:43'),
(24194, 'Bühler Weg', 'gut', 1296, 'barsch', '2017-02-18 22:31:43'),
(24360, 'Olloweg  Eidelstedt ', 'gut', 1298, 'barsch', '2017-02-18 22:31:43'),
(24604, 'Reemwinkel  Wellingsbüttel ', 'gut', 1345, 'barsch', '2017-02-18 22:31:43'),
(24676, 'Heubuder Straße', 'gut', 1195, 'barsch', '2017-02-18 22:31:43'),
(24795, 'Linumer Straße', 'gut', 1049, 'barsch', '2017-02-18 22:31:43'),
(24850, 'Veilchenweg', 'gut', 1315, 'barsch', '2017-02-18 22:31:43'),
(24902, 'Winsstraße', 'gut', 1049, 'barsch', '2017-02-18 22:31:43'),
(24908, 'Monikastraße', 'gut', 1082, 'barsch', '2017-02-18 22:31:43'),
(25072, 'Büringstwiete', 'gut', 1337, 'barsch', '2017-02-18 22:31:43'),
(25073, 'Am Frankenberg', 'gut', 1246, 'barsch', '2017-02-18 22:31:43'),
(25205, 'Am Schloßpark', 'gut', 1189, 'barsch', '2017-02-18 22:31:43'),
(25600, 'Ober Boberg', 'gut', 1205, 'barsch', '2017-02-18 22:31:43'),
(25772, 'Melissenweg', 'gut', 1243, 'barsch', '2017-02-18 22:31:43'),
(25864, 'Hirtschulzstraße', 'gut', 1195, 'barsch', '2017-02-18 22:31:43'),
(25964, 'Kolonie Otisstraße', 'gut', 1144, 'barsch', '2017-02-18 22:31:43'),
(26027, 'Behnitz', 'gut', 1220, 'barsch', '2017-02-18 22:31:43'),
(26170, 'Löheweg', 'gut', 1049, 'barsch', '2017-02-18 22:31:43'),
(26186, 'Winsener Straße  Wilstorf ', 'gut', 1379, 'barsch', '2017-02-18 22:31:43'),
(26334, 'Neuendorfer Straße', 'gut', 1082, 'barsch', '2017-02-18 22:31:43'),
(26406, 'Landauer Straße', 'gut', 1337, 'barsch', '2017-02-18 22:31:43'),
(26852, 'Ernst-Keller-Brücke', 'gut', 1337, 'barsch', '2017-02-18 22:31:43'),
(26894, 'Soldiner Straße', 'gut', 1296, 'barsch', '2017-02-18 22:31:43'),
(27039, 'Am Posseberg', 'gut', 1195, 'barsch', '2017-02-18 22:31:43'),
(27051, 'Aalwisch', 'gut', 1205, 'barsch', '2017-02-18 22:31:43'),
(27078, 'Geißleinweg', 'gut', 1384, 'barsch', '2017-02-18 22:31:43'),
(27156, 'Breckwoldtstraße', 'gut', 1379, 'barsch', '2017-02-18 22:31:43'),
(27204, 'Huulfeld', 'gut', 1337, 'barsch', '2017-02-18 22:31:43'),
(27272, 'Freystadter Weg', 'gut', 1379, 'barsch', '2017-02-18 22:31:43'),
(27386, 'Bartschiner Straße', 'gut', 1205, 'barsch', '2017-02-18 22:31:43'),
(27404, 'Krampnitzer Weg', 'gut', 1243, 'barsch', '2017-02-18 22:31:43'),
(27520, 'Audorfring', 'gut', 1345, 'barsch', '2017-02-18 22:31:43'),
(27537, 'Eichelhäherstieg', 'gut', 1337, 'barsch', '2017-02-18 22:31:43'),
(27543, 'Lärmschutzwall Blumberger Damm', 'gut', 1309, 'barsch', '2017-02-18 22:31:43'),
(27830, 'Stephanstraße', 'gut', 1379, 'barsch', '2017-02-18 22:31:43'),
(27948, 'Tischbeinstraße', 'gut', 1296, 'barsch', '2017-02-18 22:31:43'),
(28075, 'Sinstorfer Weg  Marmstorf ', 'gut', 1243, 'barsch', '2017-02-18 22:31:43'),
(28205, 'Mandelstraße', 'gut', 1180, 'barsch', '2017-02-18 22:31:43'),
(28209, 'Grünhofer Weg', 'gut', 1345, 'barsch', '2017-02-18 22:31:43'),
(28278, 'Holzstraße', 'gut', 1274, 'barsch', '2017-02-18 22:31:43'),
(28305, 'Am Bogen', 'gut', 1337, 'barsch', '2017-02-18 22:31:43'),
(28328, 'Poßweg', 'gut', 1094, 'barsch', '2017-02-18 22:31:43'),
(28527, 'Öjendorfer Steinkamp', 'gut', 1337, 'barsch', '2017-02-18 22:31:43'),
(28585, 'Hermann-Renner-Stieg', 'gut', 1243, 'barsch', '2017-02-18 22:31:43'),
(28628, 'Semliner Straße', 'gut', 1180, 'barsch', '2017-02-18 22:31:43'),
(28642, 'Ossietzkystraße', 'gut', 1246, 'barsch', '2017-02-18 22:31:43'),
(28668, 'Schinkestraße', 'gut', 1296, 'barsch', '2017-02-18 22:31:43'),
(28690, 'Privatstraße 7', 'gut', 1274, 'barsch', '2017-02-18 22:31:43'),
(28828, 'Lutterothstraße  Eimsbüttel ', 'gut', 1296, 'barsch', '2017-02-18 22:31:43'),
(28925, 'Antonistraße  St. Pauli ', 'gut', 1243, 'barsch', '2017-02-18 22:31:43'),
(28967, 'Amorbacher Weg', 'gut', 1144, 'barsch', '2017-02-18 22:31:43'),
(29049, 'Moorlakeweg', 'gut', 1220, 'barsch', '2017-02-18 22:31:43'),
(29087, 'Am Wasserbogen', 'gut', 1189, 'barsch', '2017-02-18 22:31:43'),
(29093, 'Lyonstraße', 'gut', 1220, 'barsch', '2017-02-18 22:31:43'),
(29099, 'Rigaer Straße', 'gut', 1144, 'barsch', '2017-02-18 22:31:43'),
(29151, 'Gromballring', 'gut', 1180, 'barsch', '2017-02-18 22:31:43'),
(29172, 'Plüschowstraße', 'gut', 1082, 'barsch', '2017-02-18 22:31:43'),
(29200, 'Kolonie Wiesenhöhe', 'gut', 1195, 'barsch', '2017-02-18 22:31:43'),
(29262, 'Cäsarstraße', 'gut', 1384, 'barsch', '2017-02-18 22:31:43');

/*!40101 SET CHARACTER_SET_CLIENT=@OLD_CHARACTER_SET_CLIENT */;
/*!40101 SET CHARACTER_SET_RESULTS=@OLD_CHARACTER_SET_RESULTS */;
/*!40101 SET COLLATION_CONNECTION=@OLD_COLLATION_CONNECTION */;
